IDs,Frame,Center_position_x_MICRON,Ellipse_center_x_MICRON,Center_position_y_MICRON,Ellipse_center_y_MICRON,Perimeter_MICRON,Surface_area_MICRON^2,Convex_hull_area_MICRON^2,Solidity,Length_MICRON,Ellipse_major_axis_MICRON,Width_MICRON,Ellipse_minor_axis_MICRON,Aspect_ratio,Ellipse_aspect_ratio,Angle_to_x+_axis_RAD,Angle_to_x+_axis_DEG,Ellipse_Angle_DEG,Min_intensity,Max_intensity,Mean_intensity
20,0,73.0,73.01,1.69,1.73,10.08,3.68,4.0,0.92,4.42,4.03,0.74,0.83,6.01,4.85,0.74,42.61,43.61,6907,11655,8346.73
21,0,34.71,34.76,2.02,2.05,7.02,2.4,2.51,0.95,2.95,2.65,0.85,0.79,3.45,3.33,1.7,97.59,94.55,7093,12112,8565.28
22,0,96.72,96.73,2.79,2.84,11.78,4.47,4.87,0.92,5.28,4.77,0.83,0.85,6.34,5.59,0.91,52.0,50.61,7092,13902,8827.25
23,0,92.69,92.74,2.41,2.41,12.13,4.61,4.99,0.92,5.24,4.79,0.73,0.87,7.21,5.49,0.52,29.74,29.7,7086,11743,8304.22
24,0,127.47,127.5,3.71,3.76,11.83,4.12,4.72,0.87,5.28,4.75,0.78,0.83,6.75,5.75,1.66,94.94,92.86,7031,14171,9392.0
25,0,100.03,100.07,3.64,3.66,11.69,3.99,4.38,0.91,5.06,4.62,0.68,0.79,7.46,5.87,1.3,74.36,74.03,7278,13556,9065.27
27,0,1.89,1.91,3.38,3.44,9.76,3.66,3.86,0.95,4.22,3.81,0.92,0.84,4.59,4.53,1.74,99.75,98.55,7127,11700,8412.55
28,0,100.95,100.96,3.83,3.88,12.11,4.15,4.54,0.91,5.28,4.86,0.68,0.79,7.78,6.18,1.25,71.34,72.33,7146,12876,8821.68
29,0,22.04,22.06,3.19,3.21,9.31,3.05,3.41,0.9,4.07,3.66,0.56,0.78,7.28,4.71,2.47,141.48,140.08,7714,13644,9473.55
30,0,23.21,23.23,3.06,3.07,8.05,2.78,2.94,0.95,3.46,3.11,0.74,0.79,4.67,3.92,2.45,140.33,138.13,7190,12900,9010.16
31,0,20.28,20.35,5.4,5.45,12.75,4.52,5.09,0.89,5.74,5.24,0.72,0.8,8.03,6.55,1.49,85.45,85.8,7518,14023,9232.12
32,0,30.16,30.18,4.42,4.42,13.03,4.89,5.45,0.9,5.7,5.12,0.67,0.89,8.52,5.75,0.5,28.61,29.54,7030,12156,8611.24
33,0,21.25,21.25,5.53,5.55,10.51,3.6,3.91,0.92,4.7,4.31,0.72,0.75,6.57,5.73,1.49,85.24,88.24,7754,14378,9781.02
34,0,71.44,71.45,5.66,5.73,11.47,4.09,4.53,0.9,4.97,4.49,0.74,0.84,6.7,5.34,1.82,104.4,105.32,7004,12786,8604.62
35,0,34.71,34.77,4.94,4.95,7.28,2.41,2.54,0.95,3.09,2.8,0.79,0.76,3.91,3.67,1.42,81.53,85.37,7225,12688,8749.76
36,0,32.44,32.49,4.81,4.88,7.65,2.6,2.78,0.93,3.21,2.92,0.79,0.8,4.05,3.65,0.94,54.06,50.83,7456,14080,9206.98
37,0,25.87,25.88,4.55,4.61,10.86,4.01,4.28,0.94,4.79,4.34,0.73,0.82,6.59,5.3,0.14,7.8,6.33,7179,13627,8808.93
38,0,32.05,32.05,6.96,6.96,12.96,4.58,5.42,0.85,5.85,5.08,0.65,0.91,9.0,5.61,0.93,53.13,52.7,7555,14541,9639.79
39,0,62.86,62.91,5.53,5.57,13.46,5.2,5.97,0.87,5.95,5.41,0.73,0.92,8.19,5.91,2.95,169.3,170.89,6935,11689,8374.37
40,0,130.33,130.33,5.46,5.47,9.04,3.19,3.45,0.92,3.93,3.58,0.79,0.81,4.98,4.4,3.01,172.41,176.61,7121,13980,9095.45
41,0,79.3,79.33,5.79,5.82,10.99,4.28,4.57,0.94,4.89,4.47,0.85,0.86,5.77,5.23,0.08,4.57,2.62,6990,12084,8347.71
42,0,2.27,2.3,7.54,7.54,9.3,3.53,3.76,0.94,4.04,3.65,0.84,0.86,4.78,4.24,1.64,93.69,92.25,7092,11495,8439.14
43,0,14.76,14.78,6.44,6.44,12.8,4.8,5.27,0.91,5.67,5.19,0.73,0.84,7.81,6.17,2.97,170.11,171.7,7058,11552,8304.38
44,0,24.31,24.32,6.37,6.37,11.8,4.48,4.94,0.91,5.25,4.82,0.79,0.85,6.64,5.64,3.0,172.17,174.97,7148,13702,9092.5
45,0,103.42,103.43,9.69,9.85,25.71,11.54,13.77,0.84,11.92,10.56,0.83,1.13,14.32,9.32,0.73,41.69,41.38,7160,13566,8674.74
47,0,130.26,130.27,7.61,7.64,9.06,3.14,3.35,0.94,3.84,3.44,0.87,0.81,4.4,4.25,1.15,66.04,62.71,7299,13551,9036.38
48,0,70.27,70.31,8.26,8.29,10.83,3.91,4.25,0.92,4.73,4.26,0.73,0.82,6.51,5.18,1.35,77.3,77.08,7100,12822,8704.57
49,0,30.23,30.24,7.28,7.28,7.92,2.79,2.94,0.95,3.42,3.09,0.74,0.81,4.62,3.83,0.68,38.83,41.9,7309,14147,9040.45
50,0,67.53,67.56,8.97,9.04,14.6,5.48,6.22,0.88,6.38,5.76,0.79,0.9,8.13,6.39,1.96,112.13,112.9,7180,11905,8545.98
51,0,100.23,100.24,8.71,8.69,15.21,5.74,7.04,0.82,6.81,5.95,0.74,1.02,9.19,5.85,0.66,37.64,38.25,6933,12004,8426.32
52,0,11.12,11.12,8.12,8.13,9.49,3.41,3.66,0.93,4.12,3.73,0.74,0.82,5.56,4.56,0.91,52.05,51.04,7042,11906,8528.96
53,0,125.84,125.82,10.79,10.82,18.95,7.12,8.25,0.86,8.76,7.93,0.72,0.87,12.21,9.12,1.68,96.39,95.04,7154,11789,8537.61
54,0,74.62,74.71,8.97,9.02,11.19,4.09,4.74,0.86,4.9,4.37,0.72,0.92,6.82,4.74,1.48,84.67,86.75,7115,11888,8441.34
55,0,34.84,34.87,7.67,7.73,7.28,2.49,2.64,0.94,3.0,2.71,0.74,0.82,4.05,3.31,0.68,38.85,38.64,7153,12575,8696.79
57,0,21.71,21.75,8.19,8.23,11.17,3.79,4.15,0.91,4.79,4.4,0.68,0.78,7.06,5.63,0.32,18.19,19.78,7858,14318,9482.41
58,0,89.96,90.03,8.32,8.37,16.15,5.92,6.8,0.87,7.18,6.52,0.66,0.86,10.83,7.58,0.28,16.3,15.17,6959,13613,8747.45
59,0,106.6,106.66,8.78,8.83,11.7,4.3,4.62,0.93,5.08,4.64,0.7,0.83,7.23,5.56,0.57,32.47,31.8,7114,13560,8799.75
61,0,79.23,79.26,9.04,9.05,11.94,4.33,4.71,0.92,5.21,4.75,0.85,0.82,6.15,5.8,2.56,146.71,147.44,7278,14949,9468.77
62,0,112.91,112.94,8.91,8.92,6.95,2.48,2.59,0.96,2.9,2.6,0.85,0.83,3.39,3.12,1.73,99.04,95.24,6989,12040,8472.58
63,0,81.58,81.58,9.1,9.12,10.03,3.71,3.94,0.94,4.33,3.93,0.83,0.84,5.2,4.69,2.52,144.16,143.67,7300,14116,9055.81
64,0,61.82,61.86,9.43,9.47,8.75,2.96,3.19,0.93,3.76,3.34,0.76,0.78,4.94,4.25,1.25,71.88,72.2,7235,13337,8846.13
65,0,31.33,31.37,9.36,9.43,8.51,2.86,3.08,0.93,3.64,3.33,0.7,0.78,5.18,4.26,0.96,55.18,51.71,7479,13817,9343.64
66,0,21.06,21.12,9.29,9.31,15.92,5.72,6.45,0.89,6.97,6.44,0.62,0.84,11.3,7.7,0.34,19.62,18.45,7276,12737,8822.75
67,0,78.26,78.32,10.34,10.38,11.45,3.96,4.36,0.91,5.05,4.58,0.7,0.79,7.18,5.79,2.17,124.51,124.31,7286,14995,9264.3
68,0,89.44,89.47,9.55,9.6,14.1,5.18,5.65,0.92,6.17,5.67,0.62,0.84,10.01,6.79,0.36,20.34,20.24,7320,13787,9062.91
69,0,24.57,24.58,10.27,10.31,9.18,3.19,3.44,0.93,3.88,3.47,0.84,0.82,4.59,4.24,1.17,67.31,68.34,7128,12478,8525.28
71,0,32.56,32.61,9.55,9.61,7.15,2.51,2.6,0.97,3.04,2.7,0.87,0.81,3.48,3.34,0.72,41.53,41.46,7347,13892,9109.77
72,0,64.61,64.59,11.7,11.72,14.79,5.28,6.15,0.86,6.48,5.89,0.62,0.86,10.5,6.87,1.91,109.34,108.63,7382,15267,9233.74
73,0,56.36,56.41,10.08,10.09,6.77,2.22,2.34,0.95,2.8,2.46,0.76,0.78,3.68,3.14,1.95,111.8,110.86,7063,13117,8790.63
74,0,63.57,63.59,11.63,11.65,13.88,4.71,5.46,0.86,6.11,5.48,0.68,0.82,9.0,6.7,1.93,110.56,110.39,7667,15596,9676.58
75,0,128.44,128.49,11.05,11.08,9.58,3.34,3.6,0.93,4.1,3.68,0.79,0.81,5.22,4.52,1.13,64.65,62.47,7348,12667,8838.3
76,0,80.14,80.2,11.05,11.05,10.6,3.68,4.07,0.9,4.71,4.21,0.74,0.81,6.36,5.17,2.45,140.6,138.76,7561,14945,9707.52
78,0,14.43,14.46,10.46,10.48,15.32,5.69,6.19,0.92,6.86,6.32,0.66,0.82,10.35,7.73,0.17,9.82,9.53,7153,12904,8620.77
79,0,8.19,8.22,10.92,10.99,10.39,3.8,4.1,0.93,4.45,4.0,0.81,0.85,5.47,4.68,0.5,28.81,28.03,7074,11675,8360.03
80,0,129.87,129.87,11.44,11.45,9.15,3.24,3.41,0.95,3.91,3.53,0.76,0.81,5.16,4.34,1.01,57.89,56.38,7018,13652,8925.46
81,0,55.64,55.7,11.7,11.75,8.52,2.97,3.18,0.93,3.69,3.33,0.79,0.79,4.66,4.21,1.73,99.13,95.79,7378,13465,8990.3
82,0,85.34,85.36,11.12,11.14,10.15,3.7,3.98,0.93,4.32,3.93,0.82,0.85,5.25,4.62,2.82,161.57,162.58,7339,13909,9193.94
83,0,112.91,112.94,11.77,11.77,6.84,2.35,2.43,0.97,2.84,2.56,0.85,0.8,3.33,3.19,1.39,79.46,88.06,7264,12514,8754.26
84,0,15.41,15.44,11.57,11.61,12.89,4.68,5.1,0.92,5.65,5.15,0.76,0.82,7.43,6.26,0.3,17.39,16.85,7303,13610,9028.27
85,0,82.88,82.93,12.22,12.23,10.7,3.8,4.01,0.95,4.76,4.31,0.74,0.78,6.42,5.53,2.46,141.1,140.53,7654,15081,9700.76
87,0,29.05,29.09,12.16,12.17,8.51,3.03,3.19,0.95,3.64,3.32,0.85,0.81,4.3,4.1,0.96,55.18,51.64,7142,11742,8542.65
88,0,63.18,63.23,13.13,13.14,12.06,4.2,4.63,0.91,5.24,4.73,0.7,0.81,7.49,5.86,1.98,113.39,114.17,7240,14047,9364.74
90,0,57.07,57.13,12.68,12.7,7.09,2.45,2.61,0.94,2.97,2.62,0.92,0.81,3.23,3.24,1.39,79.92,82.45,7446,13406,9261.63
91,0,73.25,73.27,13.39,13.4,9.77,3.56,3.82,0.93,4.31,3.9,0.78,0.81,5.5,4.81,1.48,84.81,87.2,7102,11844,8491.19
92,0,111.87,111.85,13.65,13.7,10.83,3.94,4.38,0.9,4.76,4.27,0.73,0.85,6.54,5.02,1.39,79.77,81.36,7078,12674,8624.25
93,0,86.45,86.5,12.74,12.77,14.51,5.4,5.98,0.9,6.37,5.75,0.76,0.86,8.38,6.65,2.82,161.57,160.79,7083,14191,9052.71
96,0,59.02,59.05,13.2,13.22,7.25,2.35,2.51,0.94,3.01,2.67,0.82,0.77,3.66,3.45,2.77,158.43,158.82,7407,13023,8944.37
97,0,79.43,79.49,13.39,13.43,9.45,3.44,3.67,0.94,3.97,3.58,0.88,0.85,4.49,4.21,2.83,161.86,162.28,7142,13159,8664.01
98,0,14.24,14.27,13.46,13.49,8.15,2.83,3.05,0.93,3.41,3.09,0.79,0.81,4.31,3.8,3.01,172.33,172.18,7148,13224,8718.73
99,0,26.07,26.06,15.47,15.52,13.2,4.75,5.35,0.89,5.73,5.2,0.73,0.86,7.88,6.03,1.09,62.27,62.09,7146,12063,8598.32
100,0,69.75,69.81,14.88,14.91,10.73,3.95,4.55,0.87,4.7,4.13,0.78,0.94,6.0,4.41,2.3,131.63,133.0,7142,12025,8518.09
101,0,21.52,21.55,13.78,13.78,9.04,3.14,3.38,0.93,3.85,3.49,0.79,0.8,4.87,4.37,0.2,11.69,9.58,7271,11618,8504.77
102,0,83.14,83.14,13.91,13.95,9.16,3.21,3.48,0.92,3.89,3.51,0.8,0.82,4.84,4.27,2.89,165.5,165.87,7370,14520,9281.04
103,0,59.09,59.13,14.3,14.33,8.5,2.83,3.02,0.94,3.58,3.22,0.76,0.77,4.71,4.16,2.75,157.62,155.43,7395,13272,9073.5
104,0,20.35,20.61,15.54,15.38,21.63,8.31,12.04,0.69,9.53,8.07,0.82,1.56,11.59,5.18,2.87,164.16,160.92,7113,12041,8547.64
105,0,55.77,55.82,15.28,15.32,8.25,3.0,3.13,0.96,3.6,3.23,0.85,0.82,4.21,3.96,1.46,83.77,87.18,7320,13513,8638.08
106,0,4.42,4.45,14.62,14.68,7.82,2.75,2.9,0.95,3.26,2.9,0.9,0.84,3.61,3.46,0.5,28.61,31.55,7117,12324,8514.81
107,0,8.26,8.32,14.88,14.91,10.37,3.64,4.0,0.91,4.42,4.03,0.76,0.82,5.83,4.89,0.58,32.99,30.23,7153,13559,8729.66
108,0,61.36,61.4,14.76,14.8,6.62,2.27,2.32,0.98,2.81,2.5,0.83,0.79,3.38,3.16,2.27,130.31,134.19,7103,11838,8597.97
109,0,68.12,68.18,15.99,16.03,11.12,3.85,4.33,0.89,4.8,4.33,0.7,0.83,6.85,5.21,2.0,114.83,115.16,7040,12070,8565.0
112,0,82.16,82.23,16.12,16.12,7.53,2.49,2.62,0.95,3.23,2.94,0.74,0.76,4.36,3.89,0.87,49.9,48.07,7550,14453,9231.07
114,0,82.88,82.89,16.9,16.91,9.75,3.4,3.61,0.94,4.32,3.93,0.74,0.78,5.88,5.04,0.81,46.22,48.12,7363,13548,9039.74
115,0,1.95,2.0,16.64,16.68,7.48,2.64,2.74,0.96,3.2,2.91,0.74,0.8,4.32,3.63,0.92,52.43,47.55,7349,13397,9138.96
116,0,13.2,13.23,16.84,16.69,15.43,5.81,7.75,0.75,6.8,5.71,0.68,1.28,10.01,4.46,0.26,14.97,13.64,7141,13894,8815.25
117,0,65.52,65.57,17.48,17.53,11.02,4.09,4.37,0.94,4.75,4.31,0.76,0.85,6.26,5.09,2.1,120.43,121.95,7190,12508,8536.82
118,0,76.89,76.95,16.19,16.23,9.79,3.51,3.78,0.93,4.18,3.78,0.8,0.83,5.2,4.56,0.27,15.33,14.98,7119,12160,8564.15
119,0,73.06,73.09,17.29,17.34,9.63,3.61,3.72,0.97,4.33,3.95,0.78,0.82,5.53,4.83,0.85,48.65,45.65,7231,11764,8498.11
121,0,4.49,4.54,16.77,16.82,9.3,3.09,3.36,0.92,4.0,3.58,0.76,0.78,5.25,4.6,0.38,21.97,21.47,7632,14398,9602.39
122,0,124.54,124.54,16.64,16.69,10.34,3.75,4.14,0.91,4.45,4.04,0.73,0.85,6.12,4.74,2.94,168.2,167.07,7124,14193,8970.3
123,0,121.62,121.61,17.36,17.39,11.08,4.08,4.46,0.91,4.77,4.29,0.73,0.87,6.56,4.93,2.66,152.39,152.6,6997,14839,9051.46
125,0,78.84,78.85,17.75,17.81,8.46,2.95,3.17,0.93,3.52,3.17,0.81,0.83,4.33,3.84,0.52,29.88,27.57,7346,13822,9078.63
126,0,126.23,126.25,18.66,18.69,14.15,5.18,5.64,0.92,6.23,5.72,0.67,0.83,9.31,6.9,2.62,149.96,149.91,7402,14384,9540.51
127,0,128.5,128.54,18.39,18.39,10.3,3.84,4.14,0.93,4.42,3.96,0.81,0.87,5.43,4.55,2.65,151.93,152.01,7308,13309,8914.82
128,0,80.28,80.31,18.59,18.63,7.53,2.41,2.59,0.93,3.14,2.84,0.76,0.76,4.15,3.76,1.05,60.26,56.16,7743,14037,9477.88
129,0,7.48,7.52,18.46,18.52,10.89,3.87,4.43,0.87,4.75,4.21,0.8,0.88,5.9,4.8,0.24,13.47,10.91,7643,15031,9831.98
130,0,9.75,9.77,18.91,18.98,10.91,3.68,4.0,0.92,4.75,4.26,0.68,0.77,7.0,5.54,0.33,19.18,19.94,7720,15097,9996.72
131,0,123.24,123.24,18.98,19.01,11.26,4.12,4.55,0.91,4.83,4.35,0.74,0.86,6.52,5.03,2.84,162.78,162.57,7488,14513,9538.67
132,0,131.5,131.49,19.63,19.66,8.27,2.64,2.84,0.93,3.52,3.15,0.7,0.74,5.0,4.23,0.98,56.31,57.47,7637,14563,9761.15
134,0,11.63,11.68,19.11,19.15,10.16,3.36,3.65,0.92,4.32,3.95,0.76,0.77,5.68,5.16,0.37,21.16,21.79,7734,14081,9592.33
135,0,3.06,3.09,20.35,20.39,13.0,4.73,5.05,0.94,5.85,5.44,0.69,0.8,8.46,6.83,0.73,41.85,44.57,7996,15431,9962.62
136,0,13.85,13.91,19.3,19.34,12.82,4.61,5.04,0.92,5.57,5.11,0.82,0.82,6.78,6.19,0.3,16.96,17.08,7148,13743,8942.58
137,0,80.28,80.31,20.09,20.13,9.22,3.15,3.38,0.93,3.97,3.63,0.74,0.79,5.36,4.61,0.88,50.31,52.94,7319,13412,9160.72
138,0,75.86,75.89,19.63,19.64,8.34,2.85,3.05,0.94,3.52,3.18,0.81,0.8,4.33,3.96,0.52,29.88,31.33,7365,13760,8882.76
139,0,2.15,2.19,19.7,19.74,8.41,2.83,3.15,0.9,3.55,3.22,0.76,0.81,4.69,4.0,0.6,34.56,33.71,7642,15002,9966.55
140,0,77.81,77.82,19.76,19.82,8.27,2.81,3.0,0.94,3.43,3.09,0.81,0.81,4.22,3.83,0.51,29.48,27.11,7354,14029,9354.12
141,0,5.72,5.75,20.21,20.26,10.24,3.65,3.96,0.92,4.45,4.0,0.76,0.83,5.87,4.84,0.59,33.69,34.15,7725,14915,9665.55
142,0,115.44,115.48,20.21,20.25,9.59,3.46,3.65,0.95,4.11,3.76,0.85,0.83,4.85,4.54,0.61,34.7,34.18,7167,13153,8632.55
144,0,7.61,7.61,20.73,20.78,10.11,3.4,3.7,0.92,4.36,3.94,0.76,0.78,5.73,5.07,0.35,20.06,20.97,7749,15071,9961.1
145,0,26.52,26.57,20.61,20.61,8.95,3.01,3.22,0.94,3.72,3.42,0.79,0.78,4.71,4.36,2.93,167.91,164.23,7560,12803,8880.44
147,0,119.47,119.52,21.91,21.93,20.87,7.83,8.76,0.89,9.32,8.59,0.7,0.84,13.31,10.21,0.36,20.84,21.19,7058,14734,8800.49
148,0,126.23,126.3,20.93,20.97,11.55,4.19,4.54,0.92,5.04,4.55,0.82,0.83,6.13,5.47,2.84,162.73,164.9,7153,14331,9077.85
149,0,23.66,23.66,21.52,21.54,8.1,2.76,2.9,0.95,3.48,3.11,0.76,0.78,4.59,3.98,2.14,122.8,124.2,7073,13048,8636.52
150,0,74.75,74.75,21.32,21.38,8.2,2.79,2.96,0.94,3.41,3.09,0.76,0.8,4.5,3.84,0.54,30.96,28.55,7183,12749,8719.87
151,0,27.23,27.29,21.71,21.74,15.79,5.43,6.32,0.86,6.97,6.38,0.68,0.81,10.28,7.9,2.86,163.76,162.13,7346,13520,9016.14
152,0,10.46,10.46,21.19,21.23,8.23,2.85,3.04,0.94,3.39,3.06,0.82,0.82,4.13,3.73,0.29,16.7,14.07,7360,14349,9121.77
154,0,2.34,2.37,22.23,22.22,9.77,3.16,3.51,0.9,4.29,3.88,0.69,0.74,6.2,5.21,0.71,40.7,42.91,8063,14261,9922.08
155,0,116.29,116.31,21.97,21.98,10.78,3.91,4.19,0.93,4.59,4.2,0.79,0.83,5.85,5.05,0.44,25.11,26.49,7137,13693,8918.79
156,0,29.96,30.01,21.64,21.69,8.69,2.95,3.19,0.92,3.55,3.25,0.79,0.82,4.52,3.96,2.73,156.25,158.33,7162,12879,8579.22
157,0,112.06,112.07,22.43,22.43,9.55,3.48,3.76,0.93,4.08,3.68,0.83,0.85,4.9,4.34,0.65,37.23,35.02,7169,12640,8570.77
159,0,7.15,7.2,21.97,21.97,8.35,2.83,3.05,0.93,3.48,3.17,0.8,0.8,4.33,3.97,0.24,14.04,12.18,7563,14431,9657.02
160,0,79.23,79.3,24.44,24.48,15.94,5.98,6.52,0.92,6.98,6.49,0.79,0.84,8.88,7.71,1.13,64.63,63.76,7167,13901,9073.44
161,0,123.76,123.77,22.55,22.56,8.58,2.99,3.19,0.94,3.54,3.21,0.82,0.83,4.3,3.87,2.84,162.9,160.46,7114,13066,8693.05
163,0,128.38,128.39,23.73,23.78,8.43,3.0,3.19,0.94,3.61,3.22,0.83,0.83,4.34,3.89,2.23,127.69,126.51,7240,13441,8927.94
164,0,76.89,76.89,25.94,25.95,15.72,5.84,6.76,0.86,6.9,6.23,0.73,0.9,9.5,6.95,1.17,67.3,66.92,7056,13141,8726.65
165,0,6.5,6.53,23.21,23.27,8.1,2.89,3.05,0.95,3.47,3.15,0.79,0.82,4.38,3.86,3.03,173.54,177.43,7144,13719,9088.39
166,0,25.61,25.67,24.25,24.29,8.13,2.84,3.0,0.95,3.43,3.11,0.76,0.81,4.52,3.85,2.15,123.39,127.0,7231,12172,8596.47
167,0,112.32,112.34,24.51,24.55,11.18,4.23,4.54,0.93,4.98,4.57,0.83,0.85,5.98,5.4,0.71,40.76,42.02,7205,12635,8659.91
168,0,126.75,126.81,23.86,23.91,7.79,2.64,2.8,0.94,3.21,2.89,0.85,0.8,3.79,3.62,2.59,148.24,152.25,7172,13019,8800.72
169,0,3.12,3.17,23.53,23.56,8.11,2.78,2.97,0.94,3.47,3.12,0.79,0.79,4.39,3.94,0.13,7.52,8.03,7492,14769,9464.05
170,0,80.34,80.4,24.96,25.01,10.18,3.49,3.77,0.92,4.5,4.04,0.74,0.77,6.07,5.23,0.92,52.63,52.06,7074,13635,9064.82
172,0,6.83,6.86,25.03,25.08,9.4,3.37,3.56,0.95,4.16,3.68,0.83,0.8,5.0,4.58,0.67,38.66,39.08,7243,13564,8768.78
174,0,3.45,3.45,24.96,24.97,7.11,2.43,2.51,0.97,3.0,2.69,0.83,0.8,3.6,3.36,0.86,49.4,43.43,7522,14640,9443.13
176,0,29.84,29.84,24.89,24.91,11.52,4.18,4.62,0.9,5.09,4.6,0.73,0.83,7.0,5.53,2.96,169.7,170.84,7172,13346,8812.57
177,0,34.32,34.35,25.74,25.77,8.42,3.03,3.21,0.94,3.61,3.27,0.74,0.83,4.88,3.95,0.66,37.69,41.47,7228,13911,8996.01
178,0,37.63,37.71,26.32,26.34,11.5,4.31,4.95,0.87,5.12,4.54,0.83,0.93,6.15,4.9,2.44,139.64,137.78,7218,12527,8678.71
179,0,40.56,40.61,26.52,26.53,8.78,3.19,3.41,0.94,3.79,3.43,0.79,0.83,4.79,4.14,1.67,95.91,94.54,6989,11710,8402.77
180,0,32.56,32.57,25.87,25.9,8.07,2.65,2.87,0.92,3.4,3.07,0.76,0.77,4.49,3.96,0.5,28.52,30.49,7512,14586,9283.3
181,0,129.94,129.98,26.78,26.84,8.5,2.86,3.08,0.93,3.52,3.19,0.74,0.8,4.75,4.0,1.85,106.09,109.25,7084,12201,8611.22
183,0,16.64,16.64,26.78,26.8,9.69,3.37,3.6,0.94,4.07,3.74,0.81,0.81,5.0,4.63,0.5,28.61,29.51,7201,11521,8387.97
184,0,104.45,104.48,26.07,26.1,9.49,3.52,3.64,0.97,4.18,3.84,0.85,0.81,4.89,4.75,0.09,5.36,1.31,7013,11988,8358.2
185,0,108.48,108.51,26.13,26.21,9.13,3.41,3.74,0.91,3.9,3.53,0.85,0.88,4.56,3.99,2.96,169.44,173.86,7179,12657,8551.18
186,0,1.24,1.29,26.98,26.98,7.48,2.45,2.62,0.94,3.18,2.87,0.83,0.76,3.82,3.78,0.86,49.14,45.13,7587,14528,9457.06
187,0,3.51,3.55,27.37,27.4,9.82,3.64,3.87,0.94,4.33,3.92,0.78,0.83,5.53,4.72,0.72,41.35,43.75,7259,12680,8741.2
188,0,27.69,27.71,27.11,27.09,11.82,4.16,4.65,0.89,5.12,4.61,0.68,0.84,7.54,5.51,0.31,17.74,17.52,7074,14130,8810.75
189,0,81.45,81.47,28.21,28.21,9.66,3.24,3.52,0.92,4.15,3.76,0.73,0.78,5.71,4.83,1.81,103.6,105.35,7312,13336,9038.18
190,0,29.64,29.69,27.56,27.58,7.98,2.62,2.81,0.94,3.35,3.02,0.73,0.77,4.6,3.9,0.51,29.05,28.76,7809,14467,9701.04
191,0,106.41,106.4,28.28,28.3,9.34,3.31,3.55,0.93,4.15,3.74,0.74,0.8,5.6,4.67,0.87,50.08,47.96,7152,13117,8546.61
192,0,31.53,31.57,27.69,27.74,8.07,2.62,2.81,0.93,3.37,3.03,0.79,0.77,4.29,3.93,0.44,25.08,26.27,8016,15137,10098.83
194,0,35.75,35.8,28.08,28.14,8.17,2.78,2.96,0.94,3.37,3.05,0.79,0.81,4.29,3.76,2.7,154.92,155.76,7504,14993,9428.46
195,0,13.26,13.27,28.93,28.93,9.26,3.36,3.61,0.93,3.99,3.61,0.74,0.83,5.39,4.34,0.65,37.06,36.92,7175,11562,8389.3
196,0,78.65,78.7,28.93,28.95,9.95,3.49,3.79,0.92,4.25,3.82,0.81,0.82,5.22,4.66,2.63,150.69,151.95,7415,13368,8939.67
197,0,36.47,36.49,29.57,29.6,15.74,5.42,6.31,0.86,6.93,6.36,0.56,0.81,12.48,7.86,2.74,156.8,156.86,7611,14564,9660.45
198,0,81.06,81.1,30.16,30.23,10.41,3.49,3.91,0.89,4.51,4.05,0.74,0.8,6.08,5.07,1.83,105.04,105.91,7442,13491,9160.64
200,0,33.22,33.27,28.99,29.05,8.37,2.65,2.86,0.93,3.56,3.22,0.67,0.73,5.31,4.39,2.6,149.22,152.11,8189,15325,10157.46
201,0,38.74,38.75,29.45,29.49,7.92,2.6,2.84,0.91,3.26,2.96,0.76,0.8,4.3,3.72,2.64,151.39,152.71,7415,14424,9121.96
202,0,28.73,28.75,29.05,29.08,7.69,2.64,2.76,0.96,3.27,2.96,0.79,0.79,4.13,3.75,0.1,5.71,1.5,7123,14096,9152.2
203,0,32.05,32.05,29.45,29.51,7.95,2.38,2.56,0.93,3.33,3.03,0.68,0.71,4.91,4.29,2.78,159.44,161.4,8062,15373,10214.86
204,0,53.37,53.37,30.55,30.62,8.56,2.89,3.09,0.93,3.58,3.22,0.82,0.8,4.35,4.04,1.24,70.91,68.58,6999,11554,8374.74
205,0,43.09,43.1,30.88,30.9,8.93,3.12,3.36,0.93,3.83,3.47,0.79,0.81,4.84,4.29,1.4,80.22,82.04,7173,13124,8751.07
206,0,36.27,36.33,30.68,30.69,8.31,2.67,2.92,0.91,3.48,3.16,0.7,0.77,4.95,4.11,2.57,147.2,149.22,7500,15111,9843.92
207,0,31.72,31.77,30.42,30.42,7.12,2.17,2.32,0.94,2.98,2.64,0.76,0.72,3.92,3.65,2.79,159.59,160.57,7668,14954,9731.84
208,0,75.86,75.88,33.02,33.04,16.08,6.1,6.74,0.9,7.07,6.51,0.67,0.86,10.56,7.59,1.08,62.02,63.25,7100,11826,8507.6
209,0,31.72,31.76,31.27,31.23,13.55,4.7,5.46,0.86,5.92,5.33,0.68,0.86,8.72,6.17,2.81,160.77,161.27,7154,13404,9073.13
210,0,82.42,82.45,32.37,32.42,9.96,3.43,3.8,0.9,4.33,3.9,0.79,0.8,5.48,4.88,1.71,97.77,98.56,7247,12784,8820.16
211,0,34.71,34.71,31.14,31.15,7.35,2.39,2.54,0.94,3.13,2.78,0.76,0.76,4.11,3.68,2.85,163.07,166.26,7447,14858,9665.14
212,0,41.6,41.62,32.5,32.53,8.31,2.76,2.98,0.93,3.47,3.14,0.76,0.79,4.57,4.0,1.04,59.59,62.87,7351,13002,8950.31
213,0,40.37,40.43,32.63,32.66,8.67,2.92,3.16,0.92,3.71,3.35,0.7,0.79,5.28,4.27,1.0,57.14,58.03,7335,13078,9031.96
214,0,37.7,37.72,32.11,32.14,7.9,2.68,2.88,0.93,3.3,2.99,0.79,0.8,4.16,3.72,0.56,32.12,31.11,7398,14356,9381.7
215,0,9.1,9.1,32.44,32.5,8.33,2.9,3.03,0.96,3.59,3.24,0.79,0.79,4.52,4.1,2.52,144.58,141.19,7074,11869,8415.29
216,0,100.1,100.15,33.34,33.4,9.71,3.57,3.89,0.92,4.26,3.86,0.79,0.84,5.38,4.58,1.69,97.02,94.94,7026,11633,8315.12
217,0,46.09,46.14,32.63,32.68,8.06,2.94,3.09,0.95,3.39,3.03,0.88,0.85,3.84,3.55,2.51,143.57,144.11,7172,11728,8372.02
218,0,87.81,87.88,33.28,33.31,10.39,3.78,4.09,0.92,4.62,4.22,0.74,0.81,6.23,5.18,0.89,50.71,48.35,7084,13623,8609.96
219,0,38.16,38.2,33.54,33.56,9.11,3.25,3.43,0.95,3.93,3.53,0.85,0.81,4.64,4.36,0.97,55.78,54.36,7280,14316,8931.92
220,0,52.0,52.05,33.73,33.74,8.19,2.81,2.99,0.94,3.37,3.05,0.82,0.82,4.1,3.73,1.24,70.87,69.25,7203,11567,8395.0
221,0,21.91,21.9,37.9,37.9,24.5,9.81,11.51,0.85,11.22,10.21,0.79,0.93,14.19,11.01,1.4,79.99,79.94,7142,14692,8981.75
222,0,44.07,44.11,33.93,33.94,8.39,2.89,3.11,0.93,3.52,3.13,0.79,0.82,4.49,3.82,1.97,112.78,114.59,7160,12464,8580.8
223,0,59.8,59.83,34.38,34.42,7.71,2.67,2.78,0.96,3.34,3.04,0.79,0.78,4.22,3.91,1.69,96.71,91.93,7268,14618,9048.97
224,0,35.04,35.04,34.19,34.24,8.16,2.97,3.09,0.96,3.54,3.2,0.83,0.82,4.28,3.91,0.75,42.77,43.38,7093,12266,8400.46
225,0,48.95,48.97,34.19,34.21,7.87,2.7,2.91,0.93,3.18,2.87,0.85,0.84,3.75,3.42,2.6,149.24,154.67,7077,11670,8346.02
226,0,11.38,11.43,34.97,35.01,8.18,2.77,2.94,0.94,3.41,3.07,0.76,0.79,4.5,3.88,2.11,120.96,120.77,7205,11401,8451.6
227,0,58.76,58.77,35.23,35.24,7.63,2.62,2.78,0.94,3.28,2.95,0.79,0.78,4.15,3.79,1.71,97.97,93.12,7154,14301,9011.04
228,0,84.56,84.58,35.43,35.45,8.43,2.82,3.04,0.93,3.52,3.17,0.79,0.79,4.49,4.02,1.17,67.22,67.17,7131,13539,8946.33
229,0,85.73,85.75,35.95,35.99,8.0,2.7,2.91,0.93,3.47,3.11,0.79,0.77,4.38,4.05,1.46,83.54,86.18,7431,14230,9364.66
230,0,60.71,60.76,36.53,36.54,8.9,3.01,3.22,0.93,3.93,3.57,0.73,0.75,5.4,4.76,1.69,96.65,93.82,7250,14744,9423.4
231,0,29.12,29.19,36.47,36.51,10.78,4.0,4.41,0.91,4.75,4.31,0.74,0.86,6.4,5.02,0.85,48.89,48.66,7242,13580,8940.64
232,0,86.58,86.64,37.05,37.1,10.95,3.62,4.17,0.87,4.76,4.26,0.66,0.8,7.18,5.31,1.32,75.77,75.02,7666,14895,9594.82
233,0,81.7,81.74,36.79,36.83,8.09,2.87,3.03,0.95,3.47,3.1,0.74,0.82,4.68,3.79,0.67,38.16,39.34,7144,12486,8595.8
234,0,30.23,30.27,36.92,36.97,6.97,2.51,2.55,0.99,2.95,2.63,0.87,0.84,3.37,3.14,0.85,48.58,45.04,7155,13492,8897.21
235,0,20.41,20.43,37.51,37.51,8.3,2.79,2.97,0.94,3.47,3.15,0.76,0.79,4.57,3.97,1.27,72.58,72.09,7215,12419,8736.19
236,0,23.21,23.25,38.09,38.13,11.27,3.99,4.28,0.93,4.87,4.42,0.79,0.81,6.19,5.48,1.17,67.2,65.65,7480,14624,9502.67
237,0,59.8,59.87,37.77,37.76,7.82,2.59,2.79,0.93,3.33,3.02,0.72,0.78,4.65,3.89,1.49,85.52,88.46,7581,15045,9823.52
238,0,95.88,95.9,37.96,38.03,7.91,2.83,2.98,0.95,3.39,3.05,0.84,0.82,4.01,3.73,1.63,93.3,93.97,7068,12014,8373.6
239,0,24.25,24.28,38.8,38.85,11.76,4.22,4.61,0.92,5.08,4.64,0.76,0.83,6.68,5.62,1.2,69.02,69.72,7310,15062,9509.1
240,0,91.2,91.24,39.07,39.09,12.58,4.6,4.99,0.92,5.49,5.03,0.8,0.83,6.83,6.07,1.28,73.5,74.02,7219,12894,8695.45
241,0,25.22,25.28,38.94,38.99,10.94,3.76,4.12,0.91,4.69,4.27,0.73,0.81,6.45,5.3,1.16,66.28,64.9,7267,13742,9260.71
242,0,58.76,58.78,38.48,38.48,7.53,2.56,2.68,0.96,3.23,2.96,0.79,0.77,4.08,3.85,1.41,80.73,87.49,7314,14406,9229.22
243,0,101.14,101.22,41.02,41.06,22.04,8.36,10.38,0.81,10.06,8.87,0.61,1.0,16.41,8.9,0.95,54.46,54.39,7009,13970,8762.78
244,0,83.39,83.45,38.68,38.7,8.26,2.81,3.0,0.94,3.42,3.1,0.8,0.81,4.25,3.84,1.32,75.7,72.81,7326,14210,9130.03
245,0,87.62,87.69,40.5,40.53,14.02,4.79,5.43,0.88,6.25,5.71,0.66,0.78,9.42,7.33,1.78,102.01,101.56,7558,15107,9761.76
246,0,62.73,62.76,39.2,39.2,9.12,3.36,3.53,0.95,4.02,3.64,0.74,0.82,5.42,4.46,2.25,129.09,132.86,7334,13973,8896.54
247,0,85.28,85.29,39.26,39.3,7.74,2.53,2.72,0.93,3.27,2.91,0.79,0.77,4.14,3.77,1.45,83.16,80.71,7642,14408,9788.15
248,0,28.02,28.08,38.87,38.87,6.9,2.29,2.38,0.96,2.9,2.59,0.76,0.77,3.83,3.37,0.59,34.05,35.66,7471,13352,9128.7
249,0,79.69,79.75,39.39,39.44,7.72,2.7,2.84,0.95,3.23,2.88,0.73,0.82,4.45,3.52,1.04,59.83,59.72,7152,12330,8601.76
250,0,92.43,92.45,39.84,39.86,7.6,2.62,2.76,0.95,3.2,2.89,0.87,0.8,3.69,3.62,1.35,77.09,83.28,7182,13041,8655.73
251,0,60.39,60.39,40.3,40.37,8.79,3.03,3.25,0.93,3.77,3.36,0.79,0.79,4.77,4.23,1.38,79.08,79.03,7634,13899,9433.77
252,0,81.9,81.94,40.88,40.91,11.57,4.12,4.43,0.93,5.09,4.63,0.73,0.79,7.01,5.85,1.82,104.04,102.73,7289,13721,9176.76
253,0,102.64,102.67,40.56,40.56,12.23,4.42,4.83,0.91,5.49,5.02,0.65,0.81,8.45,6.2,0.88,50.28,48.79,7139,13679,9170.98
254,0,28.54,28.54,39.84,39.88,7.16,2.34,2.49,0.94,2.88,2.61,0.76,0.8,3.79,3.27,0.39,22.52,27.56,7249,13519,8887.41
255,0,19.05,19.06,40.5,40.54,7.9,2.67,2.83,0.94,3.29,2.95,0.73,0.8,4.53,3.7,1.05,60.4,60.86,7147,12282,8476.77
256,0,87.1,87.18,42.05,42.09,12.69,4.52,5.06,0.89,5.6,5.08,0.66,0.83,8.45,6.14,1.84,105.49,103.72,7905,15124,10051.74
257,0,61.95,61.98,41.66,41.71,9.27,3.34,3.47,0.96,4.11,3.78,0.78,0.79,5.25,4.77,1.65,94.54,91.29,7283,13453,9060.56
258,0,88.79,88.83,41.21,41.22,7.38,2.4,2.56,0.94,3.02,2.73,0.76,0.77,3.97,3.54,1.9,108.82,104.72,7196,14065,9086.27
259,0,96.01,96.06,41.27,41.33,7.67,2.73,2.86,0.95,3.27,2.94,0.85,0.81,3.82,3.64,1.67,95.71,92.11,7327,13127,8725.17
260,0,84.76,84.77,41.99,42.04,11.04,3.68,4.23,0.87,4.79,4.29,0.62,0.81,7.77,5.3,1.93,110.65,110.18,7618,14622,9846.99
261,0,25.94,26.0,41.27,41.29,7.6,2.51,2.68,0.94,3.14,2.86,0.74,0.79,4.23,3.64,0.7,39.96,33.79,7243,12633,8729.17
262,0,58.89,58.94,41.99,42.0,8.69,2.95,3.15,0.94,3.64,3.28,0.76,0.79,4.78,4.12,1.24,71.24,73.52,7368,13555,8809.41
263,0,63.31,63.37,42.84,42.89,10.19,3.71,4.04,0.92,4.45,4.05,0.72,0.83,6.2,4.9,1.45,83.29,85.48,7358,13050,8971.53
264,0,103.03,103.03,42.19,42.24,9.27,3.41,3.55,0.96,4.09,3.7,0.74,0.82,5.57,4.48,0.82,46.93,44.94,7208,13440,8755.0
265,0,83.2,83.25,42.97,43.01,9.91,3.39,3.84,0.88,4.35,3.9,0.73,0.82,5.98,4.77,1.74,99.46,98.01,7720,14445,9792.89
266,0,86.0,86.0,43.36,43.4,10.9,3.76,4.39,0.86,4.76,4.21,0.74,0.88,6.42,4.81,1.82,104.23,102.29,7939,14867,9946.01
267,0,84.05,84.09,42.7,42.74,7.24,2.05,2.24,0.91,3.09,2.81,0.6,0.66,5.16,4.27,1.83,104.62,102.07,7743,14853,10038.0
268,0,96.66,96.67,43.23,43.27,9.58,3.38,3.68,0.92,4.07,3.71,0.79,0.82,5.18,4.5,1.14,65.48,63.1,7151,13027,8573.99
269,0,92.37,92.42,42.97,42.99,7.73,2.67,2.87,0.93,3.24,2.93,0.79,0.82,4.1,3.58,1.75,100.41,95.91,7165,12256,8495.88
270,0,21.78,21.81,47.91,47.95,24.28,10.17,11.23,0.91,11.45,10.5,0.78,0.9,14.68,11.63,1.54,88.05,89.56,7196,12690,8629.68
271,0,78.91,78.96,42.77,42.79,7.09,2.5,2.62,0.95,2.93,2.63,0.87,0.83,3.38,3.18,0.22,12.8,9.01,7065,12570,8504.55
272,0,89.51,89.56,43.94,43.98,7.05,2.31,2.44,0.94,2.88,2.6,0.76,0.79,3.79,3.31,1.96,112.52,106.9,7325,14027,9129.56
273,0,76.12,76.12,43.48,43.54,7.42,2.55,2.7,0.94,3.06,2.71,0.84,0.82,3.62,3.3,0.42,23.84,20.04,7170,11512,8326.95
274,0,58.05,58.07,45.37,45.38,8.44,2.89,3.09,0.94,3.52,3.22,0.74,0.8,4.75,4.02,1.29,73.91,77.74,7184,11560,8466.36
275,0,61.82,61.86,45.76,45.76,9.19,3.39,3.57,0.95,4.01,3.66,0.79,0.82,5.07,4.46,1.42,81.61,86.12,7209,12294,8569.82
276,0,80.92,80.93,44.66,44.68,10.81,3.78,4.13,0.92,4.68,4.28,0.73,0.8,6.44,5.36,2.9,166.35,167.36,7279,14728,9140.97
277,0,84.44,84.45,45.83,45.85,7.78,2.56,2.73,0.94,3.3,3.01,0.79,0.75,4.18,4.0,1.75,100.2,95.49,7118,14226,9271.71
278,0,33.48,33.51,45.63,45.64,11.09,3.79,4.21,0.9,4.76,4.3,0.76,0.81,6.25,5.31,2.76,158.34,158.49,7050,11256,8324.15
279,0,87.75,87.81,47.12,47.12,12.67,4.34,4.84,0.9,5.49,5.05,0.76,0.79,7.22,6.4,1.21,69.21,67.41,7519,15005,9681.78
280,0,86.84,86.86,46.61,46.64,9.98,3.4,3.67,0.93,4.25,3.88,0.67,0.79,6.35,4.91,1.06,60.69,59.86,7679,14856,9565.77
281,0,81.19,81.21,45.83,45.88,10.74,3.79,4.26,0.89,4.61,4.13,0.76,0.86,6.06,4.8,2.77,158.5,157.8,7386,14403,9254.45
282,0,89.89,89.96,46.09,46.12,7.24,2.46,2.59,0.95,3.08,2.77,0.83,0.79,3.73,3.51,0.83,47.56,49.04,7289,13762,8978.69
283,0,70.66,70.7,46.87,46.85,10.7,4.06,4.46,0.91,4.7,4.25,0.74,0.88,6.35,4.84,2.43,139.48,138.42,7084,11771,8389.03
284,0,65.2,65.22,47.39,47.41,8.43,2.92,3.13,0.93,3.56,3.18,0.82,0.81,4.33,3.91,1.89,108.1,106.21,7115,11709,8486.29
285,0,76.57,76.61,47.06,47.11,9.68,3.3,3.55,0.93,4.16,3.73,0.81,0.79,5.1,4.76,2.67,153.03,155.08,7069,13886,8797.61
286,0,37.83,37.85,47.32,47.35,10.9,3.71,4.04,0.92,4.63,4.28,0.7,0.79,6.61,5.4,2.72,155.96,155.33,7078,11554,8335.51
287,0,82.36,82.41,47.65,47.65,10.36,3.78,4.08,0.93,4.42,3.98,0.79,0.85,5.63,4.65,2.72,155.7,154.78,7348,14346,9207.85
288,0,88.2,88.26,48.49,48.54,7.33,2.31,2.48,0.93,3.0,2.73,0.73,0.75,4.13,3.61,1.05,60.1,58.71,7499,14822,9505.26
289,0,84.31,84.32,49.53,49.54,11.08,3.98,4.23,0.94,4.77,4.33,0.81,0.82,5.86,5.28,1.06,60.64,61.45,7219,13603,9024.4
290,0,80.28,80.33,48.43,48.49,9.22,3.15,3.44,0.92,3.86,3.5,0.82,0.82,4.7,4.29,2.8,160.35,159.47,7187,14418,8958.58
291,0,92.23,92.28,49.34,49.39,15.91,5.88,6.7,0.88,6.99,6.41,0.64,0.87,10.92,7.38,2.74,157.01,157.95,7181,13786,8866.56
292,0,78.65,78.67,49.01,49.03,10.48,3.54,3.87,0.91,4.54,4.07,0.74,0.79,6.13,5.16,2.81,160.79,161.43,7488,14695,9524.04
293,0,74.49,74.53,49.14,49.17,10.42,3.78,4.05,0.93,4.44,4.03,0.82,0.84,5.4,4.8,2.78,159.44,158.79,7230,12861,8761.76
294,0,77.16,77.23,49.47,49.47,10.11,3.32,3.74,0.89,4.35,3.95,0.67,0.78,6.5,5.03,2.59,148.45,149.03,7546,14274,9441.65
295,0,85.34,85.4,50.38,50.42,10.1,3.57,3.82,0.94,4.34,3.89,0.73,0.81,5.97,4.8,1.05,60.36,60.7,7195,13716,9012.74
296,0,4.42,4.45,51.94,52.0,16.15,5.76,6.38,0.9,7.14,6.61,0.67,0.81,10.66,8.19,2.1,120.07,119.19,7209,11799,8521.54
297,0,32.18,32.22,49.73,49.78,8.98,3.23,3.45,0.94,3.79,3.45,0.85,0.83,4.43,4.14,2.93,168.11,169.48,7052,11475,8311.66
298,0,66.23,66.27,50.77,50.82,8.69,2.99,3.17,0.94,3.65,3.29,0.82,0.8,4.43,4.1,1.95,111.99,111.52,7125,11696,8462.38
299,0,89.89,89.9,49.79,49.81,8.01,2.77,2.93,0.95,3.36,3.01,0.82,0.81,4.08,3.73,2.89,165.43,165.57,7243,13789,8936.23
300,0,107.84,107.85,51.35,51.36,9.45,3.29,3.51,0.94,4.01,3.6,0.76,0.81,5.27,4.45,1.87,106.97,107.96,7064,11844,8390.44
301,0,36.01,36.06,50.18,50.19,9.23,3.46,3.65,0.95,4.04,3.68,0.78,0.84,5.18,4.39,0.08,4.61,0.75,7112,11396,8364.79
302,0,93.02,93.02,50.77,50.81,7.93,2.62,2.82,0.93,3.26,2.95,0.7,0.79,4.66,3.73,2.73,156.5,158.05,7192,13655,8935.04
303,0,78.84,78.9,51.22,51.25,11.18,3.96,4.28,0.93,4.82,4.4,0.76,0.82,6.33,5.38,2.77,158.63,158.6,7135,13153,8823.26
304,0,39.72,39.74,53.17,53.21,8.92,3.25,3.41,0.95,3.89,3.47,0.83,0.82,4.67,4.23,2.24,128.21,130.02,7122,12360,8541.12
305,0,92.82,92.88,52.98,52.98,7.43,2.54,2.67,0.95,3.12,2.81,0.79,0.8,3.93,3.52,2.19,125.68,125.23,6967,12443,8636.75
307,0,95.62,95.66,54.34,54.39,8.86,3.05,3.24,0.94,3.76,3.39,0.76,0.8,4.94,4.25,1.89,108.12,106.58,7098,12661,8700.73
308,0,88.34,88.37,53.62,53.67,7.71,2.64,2.8,0.94,3.12,2.84,0.85,0.82,3.65,3.46,2.93,167.99,164.84,7092,12226,8354.59
309,0,42.51,42.52,54.8,54.8,9.75,3.33,3.53,0.94,4.34,3.93,0.65,0.75,6.68,5.23,2.46,141.07,139.89,7484,12949,9055.74
310,0,108.75,108.8,55.05,55.07,9.22,3.22,3.43,0.94,3.9,3.52,0.79,0.81,4.97,4.33,1.98,113.57,115.71,7119,12031,8402.14
311,0,35.36,35.39,54.93,54.93,9.3,3.52,3.66,0.96,4.05,3.67,0.74,0.86,5.47,4.28,2.29,131.1,134.68,6981,11494,8351.58
312,0,79.82,79.83,54.47,54.48,7.87,2.69,2.85,0.94,3.31,2.96,0.76,0.8,4.35,3.7,2.8,160.5,161.0,6993,11517,8293.72
313,0,91.33,91.33,54.73,54.75,8.13,2.77,2.95,0.94,3.31,3.01,0.87,0.82,3.8,3.69,2.65,151.93,156.37,7113,11847,8316.01
314,0,94.51,94.56,55.64,55.64,7.86,2.64,2.79,0.95,3.26,2.97,0.79,0.79,4.11,3.76,2.19,125.27,121.98,7158,13053,8721.42
315,0,86.78,86.83,55.05,55.09,7.73,2.55,2.7,0.95,3.17,2.88,0.74,0.79,4.28,3.65,0.27,15.46,17.84,7131,12864,8501.01
316,0,42.51,42.52,56.03,56.08,9.27,3.24,3.38,0.96,4.09,3.71,0.64,0.78,6.36,4.77,2.32,133.07,134.68,7634,13897,9339.37
317,0,83.07,83.11,54.93,54.98,8.1,2.78,2.91,0.96,3.52,3.21,0.78,0.77,4.51,4.15,0.06,3.18,177.85,7094,12118,8566.36
320,0,83.85,83.88,56.03,56.03,7.71,2.46,2.65,0.93,3.23,2.9,0.79,0.76,4.08,3.84,0.16,9.27,14.18,7180,12442,8574.31
321,0,39.52,39.57,56.68,56.71,9.44,3.32,3.54,0.94,3.99,3.58,0.82,0.82,4.85,4.38,2.81,160.97,159.29,7158,12450,8642.76
322,0,96.85,96.86,57.59,57.62,8.35,2.99,3.17,0.94,3.6,3.23,0.79,0.81,4.56,3.97,1.7,97.25,95.18,7081,12422,8486.74
324,0,45.11,45.13,58.3,58.34,10.82,3.65,4.01,0.91,4.64,4.23,0.67,0.78,6.93,5.42,2.12,121.24,118.71,7341,13616,8886.12
325,0,11.89,11.84,59.8,59.76,17.17,6.61,8.4,0.79,7.76,6.68,0.69,1.11,11.23,6.03,0.88,50.44,49.49,7133,12606,8595.8
326,0,43.09,43.14,58.3,58.3,9.16,3.14,3.36,0.93,3.87,3.52,0.76,0.79,5.11,4.46,2.63,150.85,153.72,7431,13414,9138.09
327,0,93.92,93.96,58.57,58.63,7.98,2.8,2.95,0.95,3.33,3.05,0.83,0.82,4.0,3.73,0.67,38.66,39.63,7089,12594,8458.66
328,0,6.37,6.4,58.89,58.93,8.61,2.91,3.11,0.94,3.72,3.35,0.74,0.78,5.02,4.32,0.64,36.47,36.29,7326,12915,8913.22
331,0,85.93,85.97,60.32,60.33,12.69,4.72,5.14,0.92,5.75,5.22,0.69,0.85,8.33,6.16,0.84,48.21,46.04,7086,11514,8301.8
332,0,40.69,40.71,59.22,59.24,9.19,3.34,3.57,0.93,4.0,3.6,0.79,0.82,5.06,4.37,0.13,7.47,6.09,7212,13344,8516.36
333,0,108.48,108.55,60.26,60.31,11.67,4.44,4.8,0.93,5.02,4.56,0.76,0.88,6.62,5.16,0.54,31.22,29.67,7038,13361,8502.12
335,0,98.73,98.77,61.69,61.68,13.32,4.59,5.18,0.89,5.8,5.29,0.64,0.82,9.05,6.45,1.17,66.89,65.42,7042,15094,9199.48
336,0,4.42,4.46,61.3,61.3,15.34,5.03,6.21,0.81,6.91,6.13,0.61,0.85,11.26,7.23,0.61,35.04,34.35,7729,14786,9947.83
337,0,91.39,91.41,60.39,60.44,7.58,2.56,2.71,0.94,3.08,2.81,0.79,0.81,3.92,3.47,0.44,24.94,33.29,6953,12718,8480.33
338,0,104.2,104.2,60.52,60.58,9.82,3.73,4.1,0.91,4.15,3.75,0.79,0.9,5.24,4.15,0.24,13.6,14.44,7113,12947,8476.58
339,0,3.25,3.31,61.04,61.09,8.76,2.86,3.06,0.93,3.76,3.41,0.65,0.75,5.78,4.55,0.65,37.27,35.19,7847,13690,9634.41
340,0,7.74,7.77,62.21,62.2,11.72,4.19,4.57,0.92,5.34,4.79,0.74,0.82,7.26,5.85,0.73,42.04,43.83,7502,15126,9810.51
341,0,97.11,97.17,62.73,62.77,12.5,4.23,4.57,0.92,5.47,5.0,0.61,0.77,8.91,6.53,1.1,63.13,63.2,7228,14899,9143.17
342,0,4.81,4.86,62.21,62.25,14.39,4.58,5.53,0.83,6.35,5.75,0.52,0.8,12.12,7.18,0.54,30.76,31.29,7724,15562,10263.21
343,0,109.46,109.51,62.01,62.06,11.22,4.34,4.66,0.93,4.91,4.45,0.85,0.88,5.74,5.08,0.2,11.46,8.81,7193,13667,8899.66
344,0,5.13,5.18,63.05,63.08,12.16,3.95,4.32,0.91,5.37,4.95,0.7,0.72,7.64,6.85,0.56,32.15,32.8,8410,15496,10567.04
345,0,92.04,92.08,62.01,62.04,6.97,2.31,2.44,0.95,2.94,2.67,0.72,0.78,4.09,3.44,0.09,5.08,177.68,7157,14089,9038.47
346,0,129.55,129.57,62.59,62.65,11.8,4.32,4.67,0.93,5.1,4.66,0.76,0.84,6.7,5.57,2.84,162.95,163.85,7040,11679,8344.69
347,0,98.22,98.25,64.55,64.58,14.73,4.93,5.56,0.89,6.55,6.02,0.61,0.77,10.68,7.83,1.06,60.89,60.77,7308,14529,9691.59
348,0,103.48,103.49,62.53,62.57,7.81,2.56,2.75,0.93,3.23,2.93,0.73,0.78,4.44,3.77,0.48,27.6,23.95,7468,13399,9085.76
349,0,94.84,94.86,62.34,62.36,6.9,2.32,2.47,0.94,2.82,2.52,0.82,0.81,3.43,3.12,2.89,165.32,166.92,7247,13133,8704.29
350,0,110.76,110.76,63.57,63.6,11.18,4.04,4.46,0.91,4.87,4.39,0.7,0.84,6.92,5.21,0.6,34.11,34.03,7095,14089,8694.26
352,0,7.74,7.8,63.51,63.51,8.0,2.56,2.75,0.93,3.36,3.07,0.67,0.75,5.01,4.12,0.55,31.53,35.63,7696,13913,9724.62
353,0,106.53,106.56,63.38,63.38,9.63,3.45,3.73,0.92,4.07,3.69,0.82,0.84,4.95,4.39,2.85,163.3,162.55,7423,14567,9289.18
354,0,91.78,91.81,63.05,63.06,8.39,2.8,3.03,0.92,3.63,3.28,0.73,0.77,5.0,4.27,0.18,10.3,6.83,7640,15312,9649.09
355,0,11.44,11.49,64.09,64.15,7.86,2.79,2.91,0.96,3.33,3.04,0.83,0.82,4.0,3.73,0.9,51.34,47.02,7212,11702,8504.02
356,0,101.73,101.73,64.48,64.48,14.58,4.93,5.51,0.89,6.45,5.92,0.67,0.76,9.64,7.81,0.48,27.6,27.7,7502,14748,9529.25
357,0,88.2,88.23,63.31,63.36,8.52,3.0,3.2,0.94,3.68,3.32,0.85,0.8,4.3,4.15,0.14,8.13,5.73,7234,14147,9004.52
358,0,100.62,100.68,63.9,63.89,7.79,2.54,2.69,0.94,3.21,2.91,0.74,0.78,4.33,3.74,0.63,35.94,29.56,7320,14493,9278.11
359,0,91.45,91.48,64.16,64.17,16.55,5.83,6.6,0.88,7.59,7.04,0.52,0.78,14.59,9.02,0.11,6.39,4.95,7527,15198,9935.97
360,0,3.51,3.56,65.06,65.11,11.0,3.76,4.08,0.92,4.75,4.32,0.67,0.78,7.1,5.54,0.53,30.43,29.78,7772,15272,9987.52
361,0,84.44,84.46,65.06,65.1,11.95,4.1,4.71,0.87,5.17,4.6,0.76,0.85,6.79,5.42,0.37,21.4,22.5,7028,12900,8530.43
362,0,6.83,6.86,65.39,65.44,8.03,2.74,2.85,0.96,3.5,3.19,0.74,0.76,4.73,4.17,0.86,49.51,44.98,7870,15161,9788.49
363,0,104.84,104.89,64.67,64.75,13.92,4.81,5.73,0.84,6.24,5.49,0.66,0.89,9.42,6.16,0.15,8.38,5.9,7412,15107,9700.04
364,0,95.88,95.95,66.62,66.66,12.49,4.33,5.21,0.83,5.44,4.79,0.79,0.9,6.86,5.32,0.99,56.69,57.17,7723,14909,9688.4
365,0,4.94,4.99,65.59,65.64,8.37,2.79,2.97,0.94,3.61,3.27,0.7,0.76,5.13,4.32,0.59,33.98,38.36,8019,15678,10313.56
366,0,93.08,93.15,64.94,64.96,9.32,3.03,3.26,0.93,4.17,3.83,0.72,0.71,5.84,5.41,0.08,4.47,1.93,7634,14339,9870.55
367,0,108.42,108.43,66.17,66.19,7.58,2.47,2.56,0.97,3.34,3.0,0.73,0.72,4.59,4.17,1.69,96.71,92.89,8285,14842,10231.76
368,0,87.95,87.97,65.26,65.27,13.19,4.38,4.95,0.88,5.89,5.32,0.65,0.76,9.02,7.01,0.12,6.97,6.03,7270,14916,9631.44
369,0,105.11,105.16,65.52,65.56,11.17,3.81,4.52,0.84,4.9,4.38,0.65,0.86,7.51,5.12,0.11,6.09,4.77,7417,15274,9602.62
370,0,9.23,9.26,66.3,66.35,7.53,2.68,2.81,0.96,3.17,2.87,0.79,0.83,4.0,3.44,0.61,34.99,41.56,7416,11855,8622.48
371,0,93.41,93.43,66.04,66.09,12.23,4.03,4.53,0.89,5.33,4.87,0.74,0.75,7.19,6.45,0.27,15.56,15.19,7847,15322,10007.93
372,0,110.31,110.3,68.7,68.74,15.87,5.56,6.76,0.82,7.22,6.34,0.72,0.91,10.05,6.94,1.71,97.77,95.87,7549,14611,9350.62
373,0,89.64,89.65,65.98,65.95,11.62,3.66,4.34,0.84,5.23,4.63,0.59,0.8,8.89,5.81,0.11,6.42,4.52,7407,15287,10128.06
374,0,109.4,109.43,68.7,68.72,14.27,4.71,5.31,0.89,6.54,6.0,0.59,0.73,11.11,8.2,1.68,96.28,94.43,7824,15383,10049.87
375,0,75.27,75.28,67.41,67.46,11.07,4.23,4.42,0.96,4.97,4.53,0.78,0.84,6.35,5.37,0.73,41.82,43.97,7029,13329,8591.3
376,0,97.76,97.84,67.73,67.73,14.64,5.15,5.83,0.88,6.43,5.88,0.76,0.82,8.49,7.19,0.52,29.67,29.59,7398,14148,9380.22
377,0,105.95,105.97,66.82,66.85,7.65,2.57,2.75,0.94,3.21,2.86,0.82,0.8,3.91,3.59,0.37,21.37,21.26,7626,15390,9829.06
379,0,4.16,4.19,67.41,67.45,8.03,2.57,2.77,0.93,3.4,3.08,0.73,0.75,4.68,4.13,0.5,28.52,30.49,7839,14702,9965.0
380,0,100.36,100.41,67.67,67.67,12.6,4.47,4.99,0.9,5.49,4.93,0.79,0.84,6.99,5.89,0.36,20.79,21.0,7322,14177,9268.42
381,0,89.38,89.4,66.95,67.01,8.02,2.6,2.86,0.91,3.42,3.05,0.79,0.77,4.32,3.97,2.99,171.25,171.91,7539,14896,9485.35
383,0,106.21,106.23,67.92,67.94,9.59,3.16,3.4,0.93,4.15,3.77,0.65,0.76,6.38,4.97,0.62,35.43,34.36,7504,15457,9994.21
384,0,82.42,82.45,67.6,67.65,9.76,3.48,3.75,0.93,4.1,3.74,0.8,0.84,5.1,4.47,0.26,14.7,16.95,7145,14145,8850.78
385,0,123.76,123.78,68.77,68.82,9.9,3.51,3.73,0.94,4.37,3.93,0.65,0.79,6.72,4.96,2.21,126.53,127.33,7121,11679,8447.81
386,0,92.89,92.9,67.47,67.51,8.43,2.84,3.02,0.94,3.72,3.33,0.78,0.75,4.75,4.45,3.05,174.99,176.38,7714,14991,9672.75
387,0,87.03,87.1,69.09,69.15,9.07,3.24,3.44,0.94,3.86,3.48,0.8,0.82,4.81,4.22,1.79,102.63,102.75,7202,12160,8663.8
388,0,102.96,103.02,67.8,67.86,7.68,2.47,2.66,0.93,3.25,2.91,0.79,0.75,4.11,3.89,0.2,11.53,11.46,7429,14270,9530.47
389,0,107.12,107.16,69.68,69.75,10.93,3.61,3.98,0.91,4.69,4.24,0.68,0.77,6.91,5.51,1.28,73.07,72.22,7635,15149,9965.45
390,0,5.27,5.32,68.19,68.24,7.62,2.48,2.65,0.94,3.22,2.88,0.73,0.76,4.43,3.81,0.24,14.04,14.81,7590,14426,9665.92
391,0,6.83,6.85,68.64,68.68,8.1,2.79,2.97,0.94,3.41,3.09,0.76,0.81,4.5,3.81,0.54,30.96,34.47,7448,13822,8977.34
392,0,83.72,83.78,68.7,68.75,10.06,3.58,3.9,0.92,4.3,3.84,0.8,0.84,5.35,4.58,0.26,14.88,16.13,7142,14509,9085.8
393,0,92.3,92.33,68.31,68.37,9.39,3.17,3.52,0.9,4.07,3.7,0.66,0.79,6.14,4.68,3.0,171.74,174.77,7356,14014,9454.2
394,0,108.36,108.42,69.62,69.64,7.67,2.58,2.68,0.96,3.35,3.0,0.79,0.76,4.23,3.97,1.43,82.18,86.86,7868,15363,10037.68
395,0,75.27,75.32,69.48,69.48,9.04,3.3,3.48,0.95,3.91,3.59,0.78,0.82,5.0,4.36,0.84,48.37,43.84,7332,14127,9180.22
396,0,78.52,78.54,68.7,68.73,9.68,3.32,3.58,0.93,4.15,3.75,0.73,0.79,5.71,4.74,0.24,13.6,13.94,7432,14407,9174.42
397,0,71.11,71.17,70.39,70.43,11.56,4.24,4.6,0.92,5.0,4.56,0.76,0.85,6.57,5.39,1.21,69.44,70.27,7096,11760,8452.44
398,0,101.59,101.63,69.36,69.39,12.96,4.58,5.0,0.92,5.68,5.14,0.76,0.8,7.46,6.42,0.35,20.1,19.41,7308,14261,9262.73
399,0,2.08,2.14,69.23,69.28,8.46,2.7,2.89,0.93,3.54,3.2,0.76,0.74,4.65,4.29,0.3,17.1,21.13,7820,14074,9622.49
400,0,105.37,105.42,70.33,70.36,10.69,3.79,4.03,0.94,4.75,4.26,0.74,0.78,6.4,5.43,0.94,53.91,51.95,7578,14974,9597.35
401,0,114.92,114.97,70.07,70.14,10.96,4.18,4.5,0.93,4.8,4.43,0.83,0.86,5.77,5.13,0.69,39.51,39.99,7069,11757,8343.65
402,0,97.56,97.58,70.27,70.26,11.15,3.73,4.25,0.88,4.89,4.35,0.67,0.82,7.3,5.29,0.5,28.61,28.16,7673,14549,9643.14
403,0,102.9,102.92,70.07,70.11,9.13,3.04,3.25,0.93,3.86,3.51,0.76,0.77,5.09,4.56,0.57,32.62,31.38,7372,14640,9452.83
404,0,79.69,79.71,69.55,69.62,9.65,3.4,3.65,0.93,4.23,3.8,0.78,0.8,5.43,4.75,0.06,3.52,3.15,7770,15311,9689.32
405,0,82.62,82.65,70.0,70.04,9.25,2.91,3.24,0.9,3.97,3.59,0.68,0.74,5.86,4.88,0.26,15.17,14.31,7890,15713,10127.07
406,0,94.31,94.35,69.88,69.92,11.86,4.35,4.71,0.92,5.36,4.92,0.72,0.81,7.46,6.1,0.1,5.57,2.72,7167,14476,9108.51
407,0,12.8,12.87,71.5,71.54,9.86,3.37,3.65,0.92,4.24,3.85,0.74,0.79,5.72,4.89,1.83,105.1,104.36,7275,11419,8480.15
408,0,89.83,89.9,71.11,71.15,7.71,2.68,2.78,0.96,3.33,3.0,0.78,0.79,4.26,3.82,1.47,84.4,88.83,7177,13073,8707.52
409,0,4.23,4.29,70.66,70.7,7.41,2.55,2.67,0.95,3.19,2.86,0.74,0.79,4.3,3.62,0.68,39.21,42.52,7343,13148,8985.17
411,0,78.98,78.97,70.46,70.48,6.39,1.88,2.0,0.94,2.68,2.45,0.66,0.68,4.05,3.59,3.02,173.05,0.99,8138,15840,10341.48
412,0,87.95,87.95,72.48,72.51,12.36,4.48,4.84,0.93,5.41,4.88,0.81,0.82,6.64,5.93,1.07,61.28,60.28,7355,12675,8749.05
413,0,76.31,76.33,70.53,70.59,6.3,2.06,2.1,0.98,2.64,2.38,0.79,0.75,3.34,3.18,0.17,9.93,1.9,7827,14095,9570.18
414,0,4.36,4.36,71.7,71.73,9.34,3.05,3.24,0.94,4.2,3.79,0.65,0.71,6.45,5.32,0.71,40.6,41.55,7304,12167,8943.72
416,0,83.2,83.2,71.11,71.17,8.87,3.0,3.27,0.92,3.84,3.48,0.78,0.78,4.93,4.44,3.07,176.12,177.43,7454,15677,9795.03
417,0,75.27,75.29,71.37,71.44,12.52,4.49,4.71,0.95,5.73,5.31,0.72,0.78,8.01,6.83,0.05,2.6,179.89,7297,15010,8902.0
418,0,80.99,81.04,71.76,71.8,12.72,4.27,4.73,0.9,5.69,5.21,0.73,0.74,7.82,7.03,2.96,169.46,170.21,7825,15614,10089.25
419,0,99.26,99.29,71.63,71.63,10.95,3.82,4.17,0.92,4.89,4.42,0.65,0.79,7.52,5.59,3.06,175.43,178.53,7391,14426,9416.66
420,0,97.05,97.12,74.36,74.33,19.51,8.39,9.67,0.87,8.89,7.98,0.74,1.02,12.0,7.8,2.48,142.13,141.04,7181,14324,9184.4
421,0,110.17,110.18,72.61,72.66,12.43,4.1,4.51,0.91,5.44,5.0,0.64,0.75,8.5,6.69,2.71,155.27,154.62,7189,14884,9537.71
422,0,123.17,123.21,73.19,73.19,12.71,4.51,5.12,0.88,5.61,5.02,0.52,0.85,10.7,5.89,0.56,32.22,33.32,7413,13546,9009.0
424,0,104.52,104.56,74.1,74.1,11.95,4.29,4.72,0.91,5.24,4.65,0.74,0.84,7.07,5.5,1.27,72.69,72.04,7467,14436,9455.06
425,0,80.6,80.67,73.06,73.11,13.21,4.41,4.99,0.88,5.79,5.25,0.7,0.78,8.27,6.73,2.71,155.45,155.77,7556,15388,9866.22
426,0,85.34,85.38,72.8,72.82,7.92,2.62,2.76,0.95,3.36,3.0,0.76,0.76,4.43,3.92,2.59,148.47,148.47,7377,13895,9010.24
427,0,101.92,101.93,72.41,72.48,9.09,2.93,3.3,0.89,3.9,3.5,0.66,0.78,5.89,4.47,0.18,10.56,10.72,7665,14736,9684.42
428,0,105.95,105.96,74.81,74.83,13.49,4.72,5.33,0.89,6.05,5.57,0.66,0.79,9.13,7.07,1.42,81.35,81.99,7406,14598,9387.22
429,0,108.55,108.57,72.73,72.78,7.91,2.5,2.66,0.94,3.32,3.0,0.7,0.74,4.74,4.08,2.74,156.95,155.12,7613,14364,9649.16
430,0,97.76,97.82,72.54,72.59,9.88,3.39,3.73,0.91,4.34,3.96,0.73,0.78,5.97,5.07,2.99,171.38,173.75,7686,14671,9783.4
431,0,94.77,94.86,75.14,75.17,16.98,7.55,8.33,0.91,7.75,6.91,0.92,1.03,8.39,6.74,2.27,130.24,130.58,7095,14003,8939.76
432,0,67.28,67.3,74.03,74.04,11.18,4.36,4.55,0.96,5.06,4.59,0.83,0.85,6.12,5.41,0.82,47.08,43.59,7208,12317,8581.9
433,0,82.75,82.81,72.87,72.89,7.89,2.43,2.68,0.91,3.39,3.07,0.66,0.72,5.12,4.28,2.93,167.83,170.2,7862,15489,10213.94
434,0,63.64,63.65,74.03,74.1,8.14,2.69,2.88,0.94,3.34,3.08,0.73,0.78,4.6,3.94,1.34,76.5,75.58,7186,13215,8729.35
435,0,101.59,101.63,73.39,73.39,11.55,3.81,4.29,0.89,5.05,4.71,0.6,0.76,8.42,6.18,0.21,11.89,11.22,7516,14709,9457.69
436,0,90.09,90.15,74.42,74.48,8.26,2.89,3.1,0.93,3.47,3.13,0.79,0.82,4.39,3.82,1.8,102.99,101.01,7172,12120,8584.09
437,0,106.86,106.88,74.56,74.58,8.32,2.72,2.95,0.92,3.58,3.23,0.73,0.75,4.93,4.28,1.37,78.49,81.98,7761,14839,9605.96
438,0,123.24,123.27,74.17,74.21,10.4,3.33,3.59,0.93,4.56,4.17,0.61,0.72,7.44,5.77,0.57,32.78,32.77,8016,15067,9892.47
439,0,123.83,123.87,75.2,75.26,14.13,5.14,5.55,0.93,6.39,5.93,0.64,0.79,9.93,7.49,0.82,47.06,45.47,7166,15116,9425.9
440,0,80.99,81.0,74.81,74.83,11.2,3.98,4.3,0.93,5.02,4.49,0.64,0.81,7.79,5.53,2.4,137.63,135.26,7371,14673,9105.62
441,0,129.55,129.57,73.84,73.86,11.64,4.24,4.6,0.92,5.1,4.66,0.79,0.82,6.45,5.66,0.19,11.02,11.07,7452,14934,9547.67
442,0,111.34,111.35,74.23,74.29,7.16,2.3,2.45,0.94,2.99,2.67,0.73,0.76,4.12,3.49,2.67,152.88,150.94,7233,14405,9194.17
443,0,108.88,108.94,74.88,74.92,8.05,2.7,2.86,0.94,3.39,3.02,0.79,0.78,4.28,3.86,2.21,126.43,122.64,7342,14886,9309.97
444,0,101.4,101.44,74.3,74.29,12.15,3.9,4.37,0.89,5.38,4.97,0.66,0.72,8.12,6.88,0.21,11.85,9.75,7615,14970,9807.55
445,0,92.37,92.42,74.88,74.89,6.63,2.18,2.32,0.94,2.72,2.41,0.79,0.79,3.43,3.04,1.38,78.96,79.6,7396,13062,8950.48
446,0,125.06,125.09,75.79,75.85,10.54,3.6,3.89,0.93,4.6,4.13,0.81,0.78,5.64,5.31,1.07,61.26,61.22,7409,15054,9343.58
447,0,130.72,130.74,74.49,74.52,6.81,2.07,2.23,0.93,2.78,2.54,0.74,0.73,3.75,3.5,0.28,16.31,15.31,8067,15709,10071.65
448,0,84.5,84.53,74.75,74.77,6.61,2.13,2.26,0.94,2.69,2.38,0.82,0.78,3.28,3.04,2.8,160.25,155.52,7365,13569,9074.87
449,0,82.68,82.74,75.4,75.41,7.15,2.38,2.48,0.96,3.06,2.73,0.74,0.77,4.12,3.54,2.24,128.09,133.03,7786,13918,9510.66
451,0,60.39,60.41,76.96,77.0,13.82,5.03,5.56,0.9,6.05,5.5,0.79,0.84,7.7,6.51,1.13,64.54,64.79,7079,12925,8691.12
452,0,110.5,110.55,75.47,75.52,7.05,2.29,2.41,0.95,2.89,2.6,0.83,0.77,3.47,3.36,2.2,125.84,120.92,7642,14671,9666.85
453,0,97.95,98.01,76.38,76.4,14.29,4.95,5.44,0.91,6.4,5.94,0.56,0.77,11.44,7.67,2.49,142.43,143.5,7304,14675,9446.45
454,0,63.64,63.65,77.28,77.28,14.2,4.82,5.32,0.91,6.33,5.87,0.7,0.76,9.0,7.69,0.98,56.31,56.61,7565,14818,9713.9
455,0,128.12,128.17,75.4,75.46,6.91,2.24,2.38,0.94,2.82,2.52,0.81,0.78,3.47,3.22,0.5,28.93,24.81,7481,15227,9767.94
456,0,114.08,114.11,75.79,75.79,10.75,3.85,4.12,0.94,4.63,4.21,0.82,0.82,5.63,5.16,0.3,17.16,15.25,7110,13720,8679.77
457,0,86.71,86.73,76.12,76.14,6.55,2.13,2.25,0.95,2.68,2.39,0.81,0.78,3.29,3.07,2.63,150.95,143.78,7291,12478,8595.92
459,0,130.0,130.0,75.92,75.99,9.11,2.96,3.3,0.9,3.94,3.5,0.73,0.77,5.43,4.56,0.15,8.53,7.38,8517,16098,10871.7
460,0,62.59,62.6,77.09,77.13,7.93,2.5,2.68,0.93,3.26,2.98,0.67,0.75,4.87,3.94,1.07,61.39,66.68,7386,14103,9288.33
461,0,102.83,102.86,77.28,77.32,7.61,2.52,2.7,0.93,3.17,2.83,0.8,0.78,3.94,3.62,1.3,74.54,78.51,7218,12376,8622.28
462,0,118.95,118.99,76.96,76.97,9.47,3.36,3.65,0.92,4.07,3.64,0.73,0.83,5.6,4.37,0.5,28.61,29.73,7318,13443,8891.2
463,0,64.22,64.25,78.06,78.1,11.84,4.11,4.71,0.87,5.19,4.63,0.76,0.85,6.85,5.45,1.02,58.3,56.88,7392,14512,9515.55
464,0,120.64,120.7,77.67,77.72,10.04,3.33,3.63,0.92,4.29,3.9,0.79,0.77,5.41,5.09,1.01,57.99,58.61,7850,14737,9958.26
465,0,91.52,91.53,77.35,77.41,6.64,2.23,2.34,0.95,2.71,2.37,0.84,0.82,3.2,2.91,1.15,65.9,66.31,7167,11717,8549.04
466,0,66.95,66.95,78.52,78.53,12.75,4.79,5.54,0.86,5.63,5.09,0.74,0.92,7.6,5.56,0.88,50.62,49.82,7122,13732,8885.6
467,0,110.5,110.55,77.74,77.74,7.9,2.7,2.85,0.95,3.28,2.96,0.85,0.81,3.87,3.66,2.16,123.69,121.72,7295,14246,8900.27
468,0,106.73,106.79,78.0,78.06,8.04,2.8,2.98,0.94,3.42,3.1,0.79,0.79,4.32,3.91,1.72,98.75,95.38,7177,13161,8663.07
469,0,85.02,85.07,77.16,77.16,7.29,2.51,2.65,0.95,3.0,2.66,0.82,0.82,3.65,3.22,2.83,162.35,161.32,7234,12019,8567.9
470,0,128.31,128.33,76.89,76.91,9.47,3.11,3.4,0.92,4.18,3.77,0.78,0.75,5.34,5.03,0.09,5.36,2.04,7759,16209,10365.02
471,0,111.93,111.94,77.94,77.97,7.22,2.34,2.49,0.94,2.91,2.68,0.7,0.78,4.16,3.43,1.98,113.7,119.08,7254,13760,8981.18
472,0,69.23,69.26,78.2,78.22,7.89,2.64,2.79,0.95,3.37,3.01,0.76,0.77,4.45,3.89,0.98,56.0,55.03,7212,12221,8581.59
473,0,122.85,122.91,78.72,78.75,9.2,3.13,3.36,0.93,3.89,3.5,0.79,0.79,4.95,4.4,1.21,69.44,66.46,7337,13812,9167.79
475,0,114.59,114.63,78.78,78.85,9.46,3.54,3.87,0.91,4.06,3.62,0.83,0.89,4.87,4.05,0.96,54.78,54.95,7265,12016,8605.23
476,0,128.25,128.31,77.81,77.84,10.04,3.48,3.85,0.9,4.44,4.03,0.72,0.79,6.18,5.13,0.09,5.04,1.97,7551,15635,9885.84
477,0,118.37,118.39,79.37,79.41,9.4,3.3,3.46,0.96,4.2,3.78,0.74,0.77,5.67,4.92,0.88,50.65,48.61,7319,14500,9231.9
478,0,120.84,120.89,79.56,79.62,8.38,2.86,3.05,0.94,3.56,3.19,0.8,0.79,4.43,4.03,1.31,75.2,75.21,7552,15040,9694.87
479,0,49.34,49.38,80.21,80.23,11.56,4.12,4.42,0.93,5.0,4.57,0.79,0.81,6.37,5.63,1.14,65.43,65.54,7247,11660,8525.15
481,0,14.24,14.26,79.76,79.8,8.36,2.8,2.98,0.94,3.58,3.19,0.73,0.78,4.93,4.12,1.77,101.51,102.81,6973,11247,8425.01
482,0,44.27,44.31,79.23,79.26,6.98,2.38,2.45,0.97,2.96,2.63,0.74,0.79,4.0,3.34,0.66,37.87,42.38,7253,11660,8460.0
483,0,89.31,89.36,79.43,79.48,6.21,2.06,2.17,0.95,2.49,2.2,0.88,0.81,2.82,2.71,1.83,105.12,106.85,7251,11484,8471.4
484,0,128.44,128.46,78.65,78.69,8.65,3.03,3.17,0.96,3.77,3.4,0.72,0.79,5.28,4.29,3.11,178.03,1.34,7422,14184,9415.85
485,0,102.38,102.42,80.34,80.39,7.48,2.64,2.79,0.95,3.16,2.84,0.79,0.82,4.0,3.47,1.41,80.54,84.0,7116,11635,8393.3
486,0,131.11,131.14,79.89,79.88,9.18,3.26,3.5,0.93,3.88,3.48,0.79,0.83,4.93,4.18,0.4,22.69,25.46,7583,15040,9431.0
487,0,84.24,84.25,80.73,80.75,7.56,2.58,2.76,0.94,3.2,2.89,0.73,0.79,4.4,3.64,1.8,102.91,97.38,7080,11579,8410.43
488,0,54.86,54.87,80.08,80.09,9.18,3.19,3.53,0.9,3.93,3.53,0.73,0.82,5.4,4.27,0.22,12.43,10.82,7418,12296,9023.33
489,0,67.02,67.02,80.67,80.7,7.72,2.72,2.76,0.98,3.36,3.03,0.74,0.79,4.54,3.85,0.85,48.92,44.87,7353,15126,9274.26
490,0,119.21,119.28,81.7,81.74,10.21,3.5,3.84,0.91,4.47,4.09,0.66,0.79,6.74,5.21,1.42,81.63,82.45,7697,14998,9828.8
491,0,35.69,35.73,80.34,80.4,8.84,3.23,3.48,0.93,3.78,3.41,0.85,0.84,4.43,4.04,0.09,4.93,5.7,7173,12410,8502.06
492,0,62.4,62.4,80.6,80.64,13.59,4.8,5.35,0.9,6.09,5.6,0.66,0.79,9.19,7.06,2.95,168.93,170.61,7395,14298,9650.88
493,0,55.05,55.09,80.86,80.86,12.55,4.13,4.92,0.84,5.47,4.9,0.46,0.83,11.9,5.88,0.23,13.05,11.73,7453,13631,9509.1
494,0,42.7,42.72,81.7,81.71,7.59,2.56,2.73,0.94,3.1,2.79,0.82,0.81,3.78,3.46,1.23,70.43,66.43,7412,13143,8837.44
495,0,32.11,32.15,81.12,81.18,8.72,3.08,3.35,0.92,3.64,3.25,0.82,0.85,4.43,3.83,0.33,18.76,20.15,7144,12418,8576.37
496,0,121.23,121.28,82.16,82.19,9.13,3.13,3.33,0.94,3.89,3.51,0.76,0.79,5.11,4.44,1.21,69.44,68.53,7375,14887,9197.74
497,0,90.03,90.08,81.84,81.88,6.37,2.15,2.28,0.94,2.55,2.25,0.88,0.83,2.89,2.72,1.83,104.74,102.89,7157,11346,8430.83
498,0,56.75,56.81,81.38,81.44,8.4,2.7,2.97,0.91,3.56,3.26,0.68,0.76,5.24,4.29,0.32,18.1,14.47,7583,15138,9747.18
499,0,58.24,58.25,81.84,81.87,11.61,3.79,4.27,0.89,5.04,4.58,0.68,0.77,7.42,5.95,0.34,19.6,20.46,7796,15032,9960.84
500,0,129.41,129.46,82.03,82.06,9.06,3.33,3.5,0.95,3.9,3.5,0.79,0.84,4.92,4.15,0.64,36.87,35.62,7266,13809,8871.27
501,0,62.92,62.94,81.58,81.63,11.08,3.6,4.14,0.87,4.91,4.47,0.66,0.76,7.41,5.88,3.02,173.16,173.95,8533,15258,10462.26
502,0,119.99,120.06,83.01,83.03,8.29,2.66,2.92,0.91,3.56,3.22,0.73,0.75,4.9,4.3,1.41,80.54,80.78,7620,13749,9351.17
503,0,114.98,115.01,83.33,83.35,9.77,3.45,3.7,0.93,4.14,3.74,0.76,0.83,5.44,4.51,1.18,67.86,68.79,7390,13214,9052.42
504,0,53.17,53.21,82.03,82.08,8.5,3.0,3.2,0.94,3.65,3.29,0.79,0.81,4.61,4.06,0.2,11.31,8.46,7308,14081,9067.8
506,0,17.36,17.37,84.05,84.1,11.26,4.17,4.44,0.94,4.88,4.41,0.82,0.84,5.93,5.23,1.2,68.91,69.33,7323,12632,8685.19
507,0,65.39,65.36,82.55,82.52,20.17,7.4,8.77,0.84,9.37,8.48,0.65,0.86,14.41,9.82,3.1,177.61,178.0,7280,16093,9613.32
508,0,36.98,37.01,82.55,82.59,7.87,2.65,2.82,0.94,3.33,3.05,0.73,0.77,4.58,3.93,2.93,167.59,172.7,7410,13970,9254.44
509,0,58.11,58.15,82.94,82.99,11.97,4.07,4.55,0.9,5.23,4.79,0.74,0.78,7.06,6.16,0.25,14.38,13.87,7668,14607,9870.14
510,0,115.64,115.69,84.05,84.1,9.63,3.2,3.41,0.94,4.13,3.71,0.73,0.76,5.69,4.87,1.15,65.85,68.07,7475,15297,9743.2
511,0,23.73,23.76,83.14,83.19,7.85,2.82,3.23,0.87,3.06,2.58,0.93,1.17,3.29,2.2,0.21,12.26,21.17,7125,11912,8475.15
512,0,40.23,40.27,82.88,82.9,7.83,2.73,2.9,0.94,3.31,2.99,0.79,0.81,4.19,3.71,2.94,168.69,172.23,7385,13906,9135.85
513,0,84.44,84.47,83.78,83.79,7.06,2.51,2.57,0.98,2.94,2.68,0.85,0.83,3.44,3.23,1.68,96.34,89.92,7241,11612,8489.08
514,0,19.44,19.5,84.63,84.65,9.93,3.6,3.84,0.94,4.34,3.93,0.85,0.81,5.08,4.85,1.72,98.62,96.68,7475,14338,9312.88
515,0,78.33,78.4,85.22,85.24,13.32,4.81,5.34,0.9,5.8,5.27,0.64,0.84,9.05,6.25,1.97,113.11,114.69,7046,12620,8559.43
516,0,29.77,29.77,83.72,83.76,9.19,3.23,3.51,0.92,3.9,3.55,0.81,0.83,4.79,4.28,2.62,150.02,146.76,7156,12871,8794.56
517,0,33.28,33.34,83.39,83.42,9.61,3.36,3.71,0.91,4.13,3.75,0.79,0.81,5.22,4.62,2.92,167.28,170.08,7441,13844,9219.83
518,0,62.79,62.84,83.72,83.76,12.03,3.98,4.34,0.92,5.29,4.79,0.74,0.74,7.13,6.43,2.85,163.57,165.13,8248,15806,10412.36
519,0,116.29,116.29,85.54,85.54,14.68,5.37,5.82,0.92,6.55,5.98,0.7,0.81,9.31,7.35,1.0,57.57,57.49,7581,15399,9409.99
520,0,37.12,37.17,83.72,83.76,8.94,3.11,3.34,0.93,3.83,3.4,0.79,0.8,4.84,4.22,2.97,170.22,167.32,7561,14616,9742.9
521,0,48.75,48.79,84.63,84.65,9.3,3.39,3.57,0.95,4.1,3.71,0.78,0.82,5.23,4.56,0.84,48.22,47.36,7200,12634,8628.73
522,0,68.84,68.88,84.31,84.38,20.79,7.49,8.61,0.87,9.36,8.63,0.73,0.81,12.89,10.64,2.9,166.35,167.5,7301,16043,9532.82
523,0,73.12,73.15,84.05,84.06,7.97,2.79,2.9,0.96,3.4,3.1,0.79,0.79,4.3,3.9,3.03,173.42,178.68,7205,13123,8653.27
524,0,40.95,41.0,84.11,84.16,8.8,3.12,3.25,0.96,3.85,3.48,0.78,0.79,4.92,4.43,3.06,175.16,179.39,7662,14146,9539.19
525,0,56.55,56.61,84.37,84.45,11.71,4.09,4.6,0.89,5.16,4.72,0.73,0.8,7.1,5.87,2.95,169.11,170.64,7383,14815,9266.95
526,0,62.21,62.25,84.56,84.6,10.75,3.53,3.94,0.9,4.7,4.31,0.66,0.75,7.09,5.71,2.89,165.58,166.31,7591,15267,9780.96
527,0,55.32,55.33,85.34,85.38,12.21,4.13,4.75,0.87,5.27,4.78,0.64,0.82,8.23,5.82,2.72,155.97,154.68,7222,14156,9444.19
528,0,34.19,34.24,84.5,84.52,8.15,2.78,2.98,0.93,3.53,3.23,0.73,0.78,4.86,4.16,3.03,173.66,177.17,7790,14309,9689.6
529,0,42.38,42.41,85.34,85.4,9.07,3.09,3.32,0.93,3.9,3.53,0.79,0.78,4.92,4.5,0.64,36.87,36.07,7381,14135,9431.21
530,0,20.61,20.62,86.78,86.78,11.79,4.19,4.58,0.92,5.18,4.72,0.73,0.81,7.12,5.86,1.37,78.41,78.33,7483,14054,9377.57
531,0,37.63,37.67,84.83,84.9,8.41,2.83,3.02,0.94,3.65,3.32,0.72,0.78,5.1,4.28,0.07,4.09,1.18,7626,14610,9771.98
532,0,67.28,67.31,84.95,85.01,9.91,3.18,3.52,0.9,4.38,4.01,0.66,0.73,6.61,5.51,3.04,174.04,175.7,8422,16323,10352.03
533,0,62.34,62.34,85.61,85.62,11.76,3.95,4.4,0.9,5.1,4.64,0.68,0.78,7.51,5.96,2.84,162.95,162.75,7461,14578,9471.15
534,0,26.98,27.0,85.8,85.83,8.7,3.03,3.26,0.93,3.66,3.31,0.76,0.82,4.83,4.04,0.58,33.41,33.96,7211,13292,8923.11
535,0,33.22,33.23,85.28,85.3,8.83,2.87,3.09,0.93,3.8,3.47,0.73,0.75,5.23,4.65,2.92,167.15,168.57,7485,14931,9635.91
536,0,39.39,39.42,85.87,85.87,8.24,2.84,3.05,0.93,3.5,3.18,0.74,0.8,4.72,3.96,0.61,35.17,39.2,7712,15107,10098.57
537,0,43.68,43.7,86.39,86.4,9.52,3.36,3.58,0.94,4.08,3.66,0.76,0.82,5.38,4.49,1.04,59.35,59.69,7295,13603,9101.18
538,0,76.25,76.28,85.34,85.39,8.08,2.71,2.88,0.94,3.39,3.04,0.76,0.79,4.46,3.86,2.79,159.83,160.64,7201,12619,8629.28
539,0,89.05,89.06,85.73,85.8,8.97,3.02,3.21,0.94,3.81,3.47,0.73,0.78,5.25,4.47,2.62,150.38,150.86,7137,11452,8428.65
540,0,33.48,33.63,87.56,87.14,23.96,9.02,13.71,0.66,10.72,9.03,0.84,1.85,12.69,4.88,2.74,157.17,158.45,7344,14027,9068.59
541,0,18.66,18.69,87.36,87.39,10.04,3.65,3.93,0.93,4.43,4.02,0.78,0.81,5.68,4.95,1.51,86.63,88.09,7772,14580,9549.72
542,0,66.75,66.77,85.73,85.76,10.14,3.32,3.71,0.9,4.51,4.14,0.65,0.75,6.9,5.52,3.04,174.21,174.94,8245,15210,10314.43
543,0,113.17,113.22,86.97,86.99,9.22,3.17,3.35,0.95,3.95,3.61,0.79,0.79,4.98,4.56,1.0,57.09,57.0,7260,13954,9028.46
544,0,21.64,21.68,87.56,87.59,11.5,4.13,4.56,0.91,5.0,4.5,0.79,0.83,6.37,5.43,1.11,63.77,63.53,7361,13916,9082.02
545,0,48.69,48.71,87.3,87.33,9.63,3.26,3.47,0.94,4.09,3.74,0.76,0.78,5.38,4.79,1.21,69.55,70.89,7165,13108,8748.22
546,0,71.31,71.32,86.52,86.54,10.96,3.84,4.18,0.92,4.69,4.3,0.7,0.81,6.7,5.31,2.8,160.56,159.18,7124,13593,8896.06
547,0,54.93,54.95,86.39,86.42,7.42,2.43,2.59,0.94,3.05,2.75,0.79,0.79,3.89,3.48,2.68,153.43,154.31,7272,14070,9323.63
548,0,27.82,27.86,87.23,87.25,7.68,2.52,2.75,0.92,3.17,2.85,0.74,0.79,4.28,3.59,1.3,74.54,74.14,7572,14400,9446.0
549,0,28.8,28.85,87.56,87.57,8.3,2.82,3.04,0.93,3.59,3.24,0.78,0.78,4.59,4.14,1.48,84.81,85.8,7852,14571,9533.25
550,0,36.47,36.5,86.71,86.72,7.87,2.7,2.85,0.95,3.31,2.95,0.81,0.81,4.07,3.66,2.65,151.93,152.3,7827,14382,9828.25
551,0,67.28,67.3,86.58,86.57,11.31,3.55,4.05,0.88,5.03,4.63,0.65,0.71,7.7,6.56,3.04,174.07,176.33,7928,14725,10210.33
552,0,113.81,113.85,87.88,87.95,9.84,3.26,3.52,0.93,4.26,3.87,0.67,0.76,6.36,5.09,1.03,58.74,59.4,7441,13460,9295.24
553,0,35.62,35.65,87.23,87.24,9.36,3.12,3.33,0.94,4.01,3.61,0.7,0.77,5.73,4.69,2.71,155.1,153.17,7803,14558,9803.75
554,0,39.2,39.2,87.42,87.44,8.54,2.78,2.98,0.93,3.71,3.31,0.7,0.75,5.28,4.42,0.57,32.86,32.8,7907,15107,10034.43
555,0,53.62,53.65,87.23,87.24,7.42,2.59,2.74,0.94,3.02,2.73,0.87,0.84,3.47,3.24,2.65,151.78,151.98,7249,12938,8664.37
556,0,85.48,85.5,87.49,87.54,7.71,2.55,2.67,0.96,3.3,2.97,0.79,0.75,4.16,3.94,0.63,36.19,35.74,7206,12895,8659.94
557,0,40.43,40.44,87.75,87.79,9.28,2.99,3.24,0.92,4.07,3.68,0.61,0.73,6.64,5.05,0.59,33.94,34.77,8235,14394,10114.28
558,0,24.38,24.39,88.08,88.1,8.41,2.97,3.24,0.92,3.53,3.16,0.76,0.85,4.66,3.73,1.01,57.77,57.95,7317,12369,8803.99
559,0,91.98,92.03,88.01,88.04,8.57,3.02,3.19,0.95,3.75,3.41,0.83,0.79,4.5,4.32,2.47,141.34,138.18,7149,11538,8390.09
560,0,57.79,57.81,87.49,87.49,7.6,2.56,2.7,0.95,3.17,2.81,0.82,0.79,3.86,3.55,2.87,164.54,161.31,7375,13048,8727.68
561,0,16.84,16.88,89.25,89.27,11.88,4.25,4.69,0.91,5.13,4.64,0.79,0.84,6.53,5.52,1.18,67.66,66.41,7385,14054,9136.92
562,0,65.84,65.87,87.49,87.55,12.14,4.26,4.72,0.9,5.49,4.99,0.73,0.79,7.56,6.36,0.11,6.12,4.31,7101,14482,9041.16
563,0,86.19,86.23,88.53,88.58,8.05,2.67,2.83,0.94,3.41,3.02,0.85,0.77,4.02,3.91,0.96,55.1,56.96,7313,12965,8803.1
564,0,40.5,40.52,88.92,88.94,11.37,3.83,4.42,0.87,5.06,4.53,0.55,0.82,9.18,5.51,0.73,41.88,42.26,7795,15111,9852.29
565,0,45.11,45.14,89.44,89.44,10.81,3.91,4.18,0.94,4.8,4.35,0.74,0.81,6.48,5.4,0.88,50.49,48.47,7239,15433,9190.52
566,0,56.16,56.19,88.73,88.75,7.14,2.5,2.63,0.95,2.91,2.6,0.87,0.85,3.34,3.08,2.63,150.57,147.54,7206,12880,8615.71
567,0,40.95,41.01,90.22,90.3,12.03,4.06,4.71,0.86,5.31,4.7,0.67,0.84,7.93,5.62,1.03,59.04,57.58,7816,15157,9840.54
568,0,83.14,83.14,89.64,89.66,7.5,2.57,2.7,0.95,3.24,2.89,0.74,0.79,4.37,3.68,0.9,51.52,48.75,7178,13464,8766.64
569,0,42.77,42.84,91.2,91.25,13.23,4.38,4.99,0.88,5.79,5.3,0.64,0.78,9.04,6.79,1.14,65.45,65.37,7804,15416,10105.69
570,0,27.3,27.3,90.35,90.36,7.71,2.68,2.78,0.96,3.33,3.03,0.78,0.79,4.26,3.83,1.49,85.52,88.44,7535,13502,9215.67
571,0,17.42,17.45,90.67,90.74,9.12,3.17,3.38,0.94,3.91,3.5,0.74,0.8,5.28,4.36,1.3,74.58,74.99,7590,13865,9249.05
572,0,41.8,41.8,91.2,91.22,10.85,3.64,3.97,0.92,4.67,4.29,0.67,0.77,6.98,5.56,1.01,58.08,61.01,8008,15439,10073.07
573,0,28.02,28.07,91.39,91.46,9.56,3.23,3.52,0.92,4.24,3.83,0.65,0.77,6.52,4.97,1.49,85.6,85.96,7749,14076,9634.57
574,0,29.05,29.06,91.0,91.01,7.86,2.75,2.88,0.96,3.4,3.08,0.79,0.79,4.3,3.89,1.69,96.58,93.75,7470,13867,9293.23
575,0,47.71,47.76,91.26,91.29,9.66,3.36,3.6,0.93,4.15,3.77,0.73,0.79,5.71,4.76,1.33,76.4,78.1,7385,12739,8787.61
576,0,23.6,23.65,90.16,90.22,9.7,3.43,3.77,0.91,4.25,3.78,0.73,0.83,5.84,4.53,2.94,168.52,170.38,7302,12050,8807.28
577,0,9.43,9.45,93.02,93.02,14.24,5.3,5.84,0.91,6.51,5.98,0.72,0.83,9.1,7.21,1.62,92.86,89.76,7303,11648,8620.93
578,0,84.5,84.53,91.45,91.52,8.27,2.78,2.96,0.94,3.47,3.13,0.76,0.79,4.57,3.95,1.04,59.59,62.33,7188,13071,8793.28
579,0,44.13,44.15,91.91,91.91,10.7,3.74,4.08,0.92,4.84,4.31,0.74,0.79,6.54,5.44,0.87,49.9,48.2,7820,15257,9930.71
580,0,38.55,38.61,91.84,91.87,9.81,3.57,3.86,0.93,4.25,3.82,0.83,0.84,5.11,4.52,2.25,128.8,127.78,7335,13866,9108.3
581,0,82.88,82.92,91.52,91.58,7.79,2.7,2.83,0.95,3.36,3.03,0.83,0.78,4.04,3.88,0.85,48.92,44.1,7290,13465,8959.95
582,0,32.95,32.98,92.11,92.14,9.76,3.68,3.84,0.96,4.32,3.91,0.74,0.83,5.88,4.7,2.4,137.44,135.78,7329,12614,8750.33
583,0,45.37,45.38,92.62,92.68,9.51,3.25,3.46,0.94,4.19,3.82,0.74,0.76,5.65,5.01,0.94,53.84,51.28,7427,15132,9529.91
584,0,76.7,76.72,91.91,91.93,7.78,2.7,2.86,0.95,3.24,2.88,0.82,0.83,3.93,3.48,0.39,22.44,23.52,7121,11441,8375.5
585,0,36.86,36.87,93.92,93.99,10.09,3.59,3.89,0.92,4.3,3.86,0.79,0.83,5.48,4.64,1.13,64.98,65.78,7239,12859,8809.09
586,0,45.5,45.55,94.19,94.25,11.37,3.95,4.22,0.94,4.95,4.5,0.73,0.78,6.81,5.77,1.05,60.07,59.88,7556,14823,9552.57
587,0,74.03,74.08,93.6,93.64,7.74,2.74,2.87,0.95,3.26,2.93,0.79,0.82,4.11,3.58,0.62,35.27,38.41,7291,11389,8425.11
588,0,80.21,80.26,93.6,93.62,8.21,2.84,3.0,0.95,3.46,3.11,0.81,0.81,4.25,3.85,0.49,28.01,30.13,7144,11585,8346.84
589,0,16.71,16.72,94.45,94.49,9.14,3.27,3.53,0.93,3.91,3.53,0.8,0.83,4.86,4.26,1.3,74.58,77.72,7206,11978,8684.31
590,0,28.6,28.61,94.45,94.49,9.34,3.29,3.49,0.94,4.11,3.73,0.74,0.79,5.55,4.71,0.89,50.77,49.21,7438,13056,8910.66
591,0,31.98,32.01,93.41,93.46,9.31,3.46,3.8,0.91,3.99,3.49,0.87,0.92,4.6,3.8,2.93,167.77,168.74,7306,12574,8797.1
592,0,54.54,54.58,94.58,94.6,10.11,3.73,4.06,0.92,4.35,3.94,0.79,0.86,5.48,4.61,0.6,34.64,35.26,7216,11688,8365.96
593,0,39.45,39.47,95.23,95.25,10.69,3.61,3.93,0.92,4.64,4.22,0.67,0.77,6.93,5.46,1.03,58.76,59.36,7327,14882,9543.48
594,0,41.93,41.97,95.42,95.47,11.15,3.65,4.25,0.86,4.98,4.43,0.65,0.8,7.66,5.51,0.86,49.24,48.38,7845,15306,9993.33
595,0,40.23,40.24,96.07,96.11,11.9,4.18,4.51,0.93,5.23,4.79,0.7,0.79,7.44,6.04,1.01,57.69,58.65,7385,15195,9766.41
596,0,42.64,42.64,95.94,95.96,9.6,3.04,3.24,0.94,4.32,3.96,0.64,0.69,6.72,5.74,0.76,43.78,45.89,7988,14454,9988.67
597,0,45.37,45.38,96.66,96.66,12.74,4.36,4.73,0.92,5.59,5.13,0.58,0.77,9.61,6.64,0.51,29.25,28.47,7322,14247,9275.24
599,0,42.05,42.09,97.5,97.52,11.62,3.88,4.33,0.89,5.25,4.76,0.51,0.76,10.35,6.25,0.72,40.99,42.07,7378,14637,9615.78
600,0,59.15,59.21,97.7,97.75,9.98,3.53,3.81,0.93,4.23,3.83,0.82,0.83,5.15,4.63,1.26,72.12,70.65,7261,12256,8571.98
601,0,35.23,35.27,97.89,97.89,9.96,3.62,3.92,0.92,4.25,3.81,0.84,0.85,5.02,4.48,1.13,64.61,65.36,7312,11617,8570.55
602,0,31.72,31.73,98.15,98.22,10.14,3.87,4.12,0.94,4.45,4.05,0.85,0.85,5.21,4.77,1.45,83.29,85.91,7304,12167,8647.48
603,0,26.65,26.71,97.83,97.88,9.63,3.33,3.5,0.95,4.18,3.77,0.79,0.78,5.27,4.81,1.0,57.05,57.21,7360,12623,8815.47
604,0,68.25,68.31,97.83,97.86,8.11,2.75,2.94,0.94,3.44,3.11,0.79,0.79,4.35,3.94,1.76,100.89,99.47,7218,13271,8665.56
605,0,17.81,17.84,97.95,97.99,7.32,2.49,2.62,0.95,3.1,2.82,0.73,0.78,4.26,3.62,1.74,99.66,93.55,7219,11941,8666.35
606,0,46.09,46.12,97.63,97.67,6.95,2.32,2.44,0.95,2.83,2.55,0.79,0.8,3.57,3.2,0.64,36.61,35.4,7347,13303,8998.43
607,0,97.24,97.29,99.71,99.77,16.3,6.15,6.61,0.93,7.34,6.77,0.79,0.82,9.25,8.23,0.97,55.47,55.64,7103,12282,8456.43
608,0,50.96,50.89,98.34,98.12,11.64,4.39,5.97,0.73,4.91,3.84,1.09,1.77,4.51,2.18,0.35,20.11,20.68,7202,13185,8651.31
609,0,7.02,7.05,98.8,98.86,7.7,2.65,2.77,0.96,3.32,2.97,0.74,0.78,4.48,3.81,0.7,40.24,41.95,7365,11689,8583.89
610,0,77.55,77.55,98.73,98.78,11.21,4.02,4.37,0.92,4.93,4.51,0.79,0.8,6.23,5.61,3.0,171.66,172.04,7236,11691,8371.65
611,0,43.81,43.85,99.32,99.35,7.1,2.33,2.47,0.94,2.95,2.69,0.69,0.77,4.27,3.47,0.72,41.42,39.24,7360,12614,8927.63
612,0,72.54,72.58,98.87,98.87,11.73,4.25,4.63,0.92,5.28,4.86,0.72,0.8,7.36,6.1,3.06,175.06,177.6,7184,11739,8442.69
613,0,29.45,29.49,100.03,100.05,10.14,3.79,4.02,0.94,4.38,3.96,0.83,0.85,5.26,4.67,2.52,144.66,145.4,7366,12620,8792.95
614,0,55.97,56.0,100.49,100.54,10.49,3.73,4.03,0.92,4.48,4.09,0.73,0.82,6.16,4.99,0.48,27.68,26.94,7366,13293,8707.66
615,0,59.48,59.48,101.01,101.03,10.34,3.87,4.07,0.95,4.62,4.18,0.74,0.83,6.23,5.07,0.69,39.29,41.15,7146,11954,8531.91
616,0,19.18,19.19,101.14,101.18,8.2,2.74,2.91,0.94,3.52,3.17,0.73,0.76,4.84,4.17,1.37,78.27,79.52,7480,13551,9167.84
617,0,17.94,17.97,100.95,101.0,7.1,2.4,2.5,0.96,3.01,2.74,0.79,0.78,3.8,3.51,1.68,96.2,92.3,7494,14438,9496.55
618,0,69.16,69.18,101.2,101.27,8.43,2.78,3.0,0.93,3.54,3.21,0.76,0.77,4.65,4.16,1.87,107.1,107.57,7521,14080,9206.75
619,0,46.34,46.41,100.56,100.6,10.78,3.81,4.11,0.93,4.67,4.22,0.74,0.81,6.3,5.21,0.33,18.69,18.17,7275,13296,8895.33
620,0,68.38,68.43,102.12,102.13,10.79,3.65,4.17,0.88,4.67,4.22,0.73,0.82,6.42,5.17,1.8,102.88,103.25,7572,14256,9419.1
621,0,5.4,5.45,101.53,101.54,7.74,2.66,2.83,0.94,3.29,2.92,0.79,0.8,4.16,3.66,1.41,80.91,82.6,7353,12400,8810.6
622,0,50.7,50.76,100.36,100.41,10.08,3.65,3.93,0.93,4.45,4.05,0.79,0.8,5.63,5.04,3.02,173.29,175.9,7393,13989,9006.63
623,0,26.52,26.56,100.62,100.65,10.8,3.93,4.33,0.91,4.7,4.21,0.85,0.85,5.5,4.93,0.19,11.15,10.32,7305,12430,8836.91
624,0,66.62,66.65,102.44,102.47,10.42,3.75,4.08,0.92,4.49,4.03,0.76,0.84,5.9,4.8,1.18,67.89,67.86,7229,14092,8980.0
625,0,14.56,14.62,101.86,101.88,8.48,2.91,3.1,0.94,3.65,3.29,0.74,0.79,4.93,4.17,0.67,38.5,41.2,7476,13617,9209.27
626,0,15.99,15.99,101.98,102.03,7.69,2.62,2.78,0.94,3.32,2.97,0.74,0.78,4.48,3.82,0.7,40.24,42.49,7610,14550,9758.46
627,0,51.74,51.78,102.25,102.26,11.11,3.82,4.24,0.9,4.78,4.36,0.7,0.81,6.83,5.41,0.39,22.38,22.95,7530,14136,9310.09
628,0,47.84,47.88,101.73,101.76,9.16,3.4,3.59,0.95,3.97,3.63,0.84,0.83,4.7,4.36,0.07,3.75,3.47,7283,13660,9005.55
629,0,9.88,9.91,102.96,102.98,8.75,3.15,3.3,0.96,3.86,3.45,0.74,0.81,5.25,4.28,0.76,43.64,42.47,7350,13679,9151.42
630,0,43.81,43.87,101.98,102.0,9.36,3.3,3.47,0.95,4.1,3.77,0.78,0.78,5.26,4.83,3.08,176.37,0.77,7273,12869,8621.42
631,0,16.12,16.12,103.74,103.79,9.16,3.11,3.32,0.94,3.9,3.52,0.81,0.78,4.78,4.48,1.08,62.15,64.2,7838,14836,9995.44
632,0,54.02,54.05,102.64,102.65,7.84,2.6,2.75,0.94,3.33,2.96,0.82,0.76,4.05,3.88,0.3,17.02,16.33,7261,13998,9272.55
633,0,24.96,24.97,102.83,102.86,11.51,4.54,4.96,0.91,5.1,4.64,0.85,0.9,5.96,5.14,3.04,174.14,178.56,7216,11968,8547.65
634,0,16.84,16.89,104.98,105.03,12.27,4.29,4.72,0.91,5.35,4.88,0.66,0.8,8.07,6.09,1.29,73.77,73.69,7752,14643,9724.71
635,0,67.73,67.78,104.72,104.77,10.21,3.73,3.94,0.95,4.51,4.13,0.79,0.8,5.7,5.13,1.67,95.79,92.54,7255,14195,8980.14
636,0,125.32,125.37,104.52,104.56,13.22,4.9,5.29,0.92,5.86,5.36,0.7,0.83,8.33,6.48,0.59,33.69,34.45,7127,13926,8671.3
637,0,10.34,10.37,104.2,104.22,8.33,2.81,3.05,0.92,3.63,3.26,0.74,0.78,4.94,4.19,0.75,42.83,45.98,7825,14751,9680.37
638,0,11.57,11.62,104.33,104.33,9.3,3.21,3.43,0.93,4.14,3.73,0.74,0.78,5.63,4.8,0.74,42.46,44.18,7525,14702,9612.01
639,0,18.07,18.13,104.39,104.41,8.2,2.62,2.83,0.92,3.46,3.13,0.73,0.75,4.76,4.2,1.08,61.99,62.39,7724,14862,9894.2
640,0,50.7,50.72,103.61,103.63,8.4,2.67,2.91,0.92,3.58,3.24,0.74,0.74,4.83,4.37,0.28,15.8,13.61,7403,14374,9409.02
641,0,13.59,13.62,104.26,104.27,7.83,2.67,2.85,0.94,3.35,3.04,0.79,0.79,4.23,3.85,0.62,35.54,40.13,7516,13820,9416.58
642,0,104.06,104.09,104.26,104.32,6.97,2.34,2.46,0.95,2.9,2.59,0.85,0.79,3.42,3.27,0.98,55.95,55.43,7259,11912,8453.43
643,0,122.66,122.68,105.04,105.08,11.88,4.56,4.91,0.93,5.34,4.82,0.83,0.86,6.42,5.61,0.85,48.95,47.65,7179,13970,9049.73
644,0,5.2,5.27,104.59,104.6,7.94,2.75,2.94,0.94,3.32,2.98,0.85,0.82,3.92,3.63,1.04,59.42,60.23,7388,13498,9076.63
645,0,19.7,19.73,104.45,104.49,6.52,2.17,2.29,0.95,2.63,2.33,0.76,0.81,3.46,2.87,1.22,69.78,65.44,7315,12766,8963.44
646,0,52.13,52.18,104.2,104.24,10.41,3.36,3.7,0.91,4.46,4.12,0.68,0.75,6.57,5.52,0.33,18.7,17.86,7116,13870,9162.77
647,0,91.72,91.76,104.72,104.71,9.19,3.16,3.42,0.92,3.89,3.55,0.79,0.8,4.91,4.44,0.58,33.42,32.62,7266,13308,8768.33
648,0,119.21,119.21,105.5,105.5,12.32,4.85,5.18,0.93,5.57,5.04,0.78,0.87,7.12,5.78,0.73,41.69,42.19,7239,13793,8929.18
649,0,97.17,97.19,104.78,104.81,9.55,3.3,3.54,0.93,4.08,3.67,0.76,0.8,5.36,4.57,0.39,22.48,23.62,7297,12337,8729.87
650,0,98.61,98.65,106.8,106.81,12.36,4.38,4.79,0.91,5.42,4.98,0.73,0.8,7.46,6.21,1.04,59.74,58.75,7348,14797,9058.8
651,0,47.84,47.9,105.76,105.79,11.34,3.9,4.19,0.93,4.86,4.45,0.73,0.79,6.68,5.66,0.43,24.51,24.49,7304,12975,8600.14
652,0,7.21,7.27,105.17,105.18,8.13,2.82,2.98,0.94,3.52,3.17,0.79,0.79,4.45,4.04,0.2,11.73,7.11,7468,14308,9516.32
653,0,115.57,115.6,106.73,106.74,13.34,5.04,5.39,0.94,5.84,5.38,0.76,0.85,7.71,6.36,0.6,34.57,33.33,7113,13535,8646.64
654,0,26.39,26.43,107.06,107.08,11.99,4.49,4.83,0.93,5.34,4.89,0.64,0.85,8.3,5.79,0.84,47.96,45.85,7199,11655,8504.17
655,0,71.7,71.7,106.53,106.54,8.01,2.59,2.77,0.93,3.38,3.02,0.76,0.75,4.46,4.01,1.05,59.98,62.12,7293,12557,8860.46
656,0,70.59,70.63,106.73,106.75,8.26,2.68,2.88,0.93,3.44,3.1,0.76,0.76,4.52,4.08,1.18,67.8,65.07,7289,12559,9021.78
657,0,99.84,99.93,107.12,107.2,12.42,4.4,5.15,0.85,5.52,4.9,0.64,0.9,8.58,5.43,0.84,47.86,45.72,7230,14565,9213.2
658,0,13.91,13.96,106.99,107.03,9.37,3.35,3.57,0.94,4.04,3.64,0.79,0.82,5.09,4.45,0.99,56.82,55.5,7560,13115,9137.11
659,0,102.57,102.62,106.6,106.65,6.9,2.31,2.45,0.94,2.82,2.5,0.74,0.81,3.81,3.07,0.9,51.55,57.47,7111,13338,8944.05
660,0,88.27,88.31,106.53,106.59,9.58,3.29,3.63,0.91,4.08,3.66,0.76,0.82,5.38,4.48,0.53,30.65,28.62,6893,12854,8681.66
661,0,93.53,93.59,106.41,106.42,9.39,3.15,3.37,0.93,4.01,3.6,0.76,0.78,5.27,4.65,0.35,19.9,20.36,7366,13847,9232.9
662,0,18.46,18.49,106.6,106.65,6.2,1.96,2.07,0.95,2.5,2.25,0.81,0.77,3.07,2.9,1.08,62.1,58.46,7440,12936,9243.67
663,0,90.35,90.39,107.06,107.11,11.68,4.1,4.45,0.92,5.07,4.66,0.76,0.8,6.69,5.83,0.54,30.84,32.9,7348,13635,9098.15
664,0,94.25,94.28,107.06,107.06,13.36,4.58,5.11,0.9,5.83,5.41,0.7,0.78,8.33,6.95,0.39,22.28,23.54,7326,14214,9330.76
665,0,119.21,119.23,107.77,107.79,12.01,4.6,4.91,0.94,5.35,4.89,0.74,0.85,7.22,5.78,0.87,49.93,49.64,7321,13937,8962.04
666,0,6.89,6.93,106.15,106.19,8.06,2.76,2.94,0.94,3.47,3.19,0.73,0.77,4.78,4.13,3.01,172.48,177.38,7842,14408,9740.33
667,0,10.27,10.33,106.47,106.51,7.96,2.68,2.94,0.91,3.34,3.06,0.79,0.79,4.23,3.84,2.91,166.5,170.55,7618,14100,9665.87
668,0,121.23,121.27,108.16,108.2,11.4,4.2,4.45,0.94,5.16,4.73,0.74,0.8,6.96,5.9,0.86,49.09,47.6,7252,13708,8852.98
669,0,7.08,7.13,107.12,107.13,7.72,2.51,2.7,0.93,3.27,2.94,0.73,0.76,4.5,3.89,3.02,173.16,171.45,7673,15395,10057.76
670,0,100.03,100.09,108.23,108.29,9.67,3.35,3.49,0.96,4.37,3.95,0.69,0.76,6.33,5.22,0.84,48.01,46.44,7627,13619,9501.11
671,0,10.34,10.37,107.45,107.47,7.93,2.63,2.83,0.93,3.4,3.11,0.78,0.77,4.34,4.05,3.05,174.51,176.35,7476,14356,9582.6
672,0,18.85,18.87,108.75,108.78,11.16,4.17,4.55,0.92,5.02,4.53,0.74,0.84,6.82,5.39,0.74,42.37,44.16,7276,11923,8638.59
673,0,5.72,5.75,108.29,108.33,13.61,4.84,5.32,0.91,5.94,5.48,0.76,0.81,7.81,6.8,2.83,162.16,161.48,7566,14219,9593.68
674,0,3.97,4.02,108.62,108.62,12.67,4.29,4.74,0.9,5.52,5.04,0.76,0.78,7.25,6.45,2.77,158.57,156.96,7533,14305,9674.98
675,0,15.41,15.42,110.17,110.23,12.67,4.73,5.34,0.89,5.52,4.97,0.8,0.89,6.86,5.57,1.31,74.98,74.65,7340,12213,8762.35
676,0,93.21,93.26,109.2,109.19,10.32,3.59,3.86,0.93,4.48,4.04,0.73,0.8,6.17,5.08,0.52,29.54,29.48,7359,12829,8890.07
677,0,102.57,102.62,109.4,109.4,11.92,4.27,4.59,0.93,5.19,4.73,0.67,0.81,7.76,5.82,0.55,31.7,30.64,7411,14426,9157.55
678,0,70.33,70.37,109.46,109.52,7.61,2.36,2.56,0.92,3.15,2.83,0.76,0.74,4.14,3.84,1.19,68.2,69.73,7529,14189,9424.86
679,0,86.26,86.3,109.72,109.76,11.18,4.08,4.5,0.91,4.83,4.39,0.79,0.86,6.09,5.09,0.58,33.48,33.3,7250,13077,8714.99
680,0,104.59,104.64,110.31,110.34,11.42,4.03,4.39,0.92,5.0,4.52,0.7,0.81,7.1,5.59,1.01,57.76,55.93,7302,13632,9106.13
682,0,69.23,69.26,109.85,109.91,8.2,2.66,2.86,0.93,3.42,3.09,0.76,0.77,4.49,4.04,1.2,68.81,67.12,7599,13819,9265.65
683,0,5.07,5.1,110.11,110.15,12.94,4.53,5.32,0.85,5.61,5.02,0.67,0.89,8.39,5.65,2.65,151.65,152.85,7673,14192,9640.77
684,0,11.44,11.49,109.2,109.24,12.54,4.65,4.96,0.94,5.73,5.24,0.78,0.8,7.35,6.55,3.08,176.75,179.49,7517,13819,9373.46
685,0,114.01,114.05,110.37,110.43,12.62,4.56,5.16,0.88,5.53,4.95,0.81,0.87,6.79,5.69,0.52,29.58,30.45,7229,11715,8515.54
686,0,9.29,9.32,109.98,110.0,12.36,4.14,4.75,0.87,5.54,5.05,0.65,0.76,8.52,6.63,3.07,175.96,176.47,7926,13895,9764.32
687,0,103.09,103.14,110.56,110.63,5.9,1.8,1.9,0.95,2.38,2.1,0.82,0.74,2.9,2.83,1.27,72.55,71.33,7786,14238,9564.92
689,0,10.6,10.6,110.83,110.87,10.75,3.63,4.08,0.89,4.77,4.33,0.65,0.78,7.3,5.56,0.1,5.48,3.03,7602,13791,9549.08
690,0,70.59,70.61,111.22,111.25,8.04,2.68,2.89,0.93,3.3,3.0,0.76,0.8,4.33,3.76,0.38,22.01,24.4,7223,13437,8788.27
691,0,101.73,101.76,111.67,111.7,6.91,2.11,2.26,0.93,2.84,2.55,0.68,0.73,4.18,3.5,1.22,69.9,67.34,7568,14648,9462.4
692,0,93.53,93.58,112.45,112.46,7.86,2.73,2.91,0.94,3.39,3.05,0.78,0.79,4.33,3.86,1.65,94.4,91.31,7272,12389,8725.51
693,0,85.41,85.47,112.19,112.24,10.26,3.53,3.79,0.93,4.36,4.0,0.73,0.79,6.0,5.04,2.64,151.53,152.56,7357,13966,9104.7
694,0,106.8,106.83,112.12,112.18,6.62,2.18,2.29,0.95,2.78,2.48,0.74,0.78,3.75,3.2,0.65,37.41,38.24,7306,13068,8820.99
695,0,3.31,3.32,111.87,111.9,8.51,2.99,3.17,0.94,3.72,3.38,0.79,0.79,4.7,4.28,3.05,174.99,178.89,7356,13318,9047.64
696,0,9.36,9.36,112.52,112.56,9.51,3.13,3.38,0.93,4.04,3.67,0.73,0.76,5.56,4.82,0.49,27.8,24.58,7504,14261,9320.84
698,0,4.49,4.49,113.56,113.58,10.34,3.65,3.99,0.91,4.57,4.15,0.74,0.81,6.17,5.14,0.88,50.19,49.9,7595,13989,9437.49
699,0,67.6,67.61,112.58,112.6,8.07,2.71,2.87,0.94,3.36,3.04,0.82,0.79,4.08,3.85,0.38,21.6,24.16,7343,12373,8579.69
700,0,102.25,102.3,112.84,112.88,6.01,1.82,1.94,0.94,2.41,2.15,0.76,0.74,3.16,2.91,1.24,71.08,68.07,7546,12998,9302.66
701,0,109.98,110.02,113.69,113.72,11.27,4.12,4.33,0.95,5.08,4.65,0.74,0.79,6.85,5.87,0.88,50.19,47.98,7190,11873,8540.26
702,0,106.21,106.25,114.14,114.2,12.35,4.32,4.92,0.88,5.51,4.83,0.65,0.88,8.48,5.48,0.91,52.18,50.39,7386,13895,8951.82
703,0,83.66,83.7,113.1,113.12,10.13,3.59,3.93,0.91,4.28,3.89,0.82,0.84,5.2,4.63,2.8,160.46,160.0,7185,13090,8765.12
704,0,96.4,96.43,113.88,113.92,7.76,2.75,2.8,0.98,3.4,3.03,0.83,0.8,4.11,3.8,0.81,46.55,45.12,7278,12301,8740.78
705,0,118.43,118.49,114.47,114.49,9.23,3.22,3.44,0.93,3.91,3.52,0.84,0.81,4.63,4.33,1.95,111.45,107.94,7141,12095,8547.45
706,0,100.62,100.66,114.2,114.25,6.99,2.28,2.43,0.94,2.82,2.52,0.76,0.8,3.7,3.16,1.24,71.15,68.97,7289,13099,8705.23
707,0,5.85,5.89,114.08,114.12,8.9,2.93,3.16,0.93,3.8,3.43,0.7,0.76,5.41,4.52,0.58,33.15,31.01,7661,14060,9609.63
708,0,89.31,89.37,114.01,114.04,10.11,3.57,3.98,0.9,4.28,3.85,0.82,0.85,5.2,4.52,2.8,160.46,159.25,7338,12617,8789.94
709,0,104.72,104.74,114.01,114.06,6.58,2.24,2.34,0.96,2.81,2.46,0.74,0.79,3.8,3.09,0.87,49.69,48.64,7380,13798,9002.74
710,0,87.69,87.76,114.27,114.26,10.4,3.32,3.73,0.89,4.46,4.04,0.7,0.76,6.36,5.33,2.74,156.8,156.05,7542,13631,9385.84
712,0,11.31,11.36,114.4,114.42,7.95,2.77,2.97,0.93,3.42,3.11,0.79,0.8,4.32,3.91,0.15,8.75,3.32,7304,12148,8707.34
713,0,7.87,7.93,114.59,114.61,7.82,2.67,2.82,0.94,3.33,3.03,0.78,0.79,4.26,3.85,0.08,4.48,179.91,7527,14456,9463.18
714,0,94.06,94.12,115.64,115.67,7.61,2.59,2.73,0.95,3.18,2.82,0.79,0.8,4.04,3.52,1.97,112.89,111.01,7387,12972,9010.31
715,0,86.84,86.88,115.64,115.67,6.81,2.28,2.39,0.96,2.87,2.54,0.76,0.78,3.78,3.23,2.57,147.03,144.11,7199,12882,8935.98
717,0,8.64,8.71,116.09,116.13,8.31,2.87,3.06,0.94,3.55,3.21,0.76,0.8,4.69,4.0,0.6,34.56,40.28,7669,13729,9622.57
718,0,5.92,5.97,115.57,115.59,10.62,3.69,4.01,0.92,4.7,4.29,0.72,0.77,6.55,5.54,0.1,5.55,4.36,7829,14034,9854.64
719,0,95.75,95.75,116.74,116.76,7.37,2.55,2.69,0.95,3.1,2.79,0.79,0.81,3.92,3.45,1.4,80.34,86.4,7669,13126,9360.08
720,0,3.51,3.55,116.35,116.36,9.58,3.35,3.62,0.93,4.07,3.7,0.82,0.81,4.95,4.55,2.85,163.3,163.45,7462,13568,9159.02
721,0,115.44,115.44,117.0,117.07,9.93,3.84,4.08,0.94,4.37,3.94,0.78,0.88,5.59,4.48,0.73,41.99,42.56,7213,12211,8541.92
723,0,11.44,11.46,116.67,116.71,7.82,2.7,2.88,0.94,3.27,2.94,0.76,0.81,4.31,3.61,0.54,31.16,33.34,7280,11963,8670.48
724,0,89.38,89.39,116.94,116.94,7.12,2.44,2.57,0.95,3.0,2.64,0.79,0.81,3.79,3.28,2.92,167.47,168.08,7109,12039,8662.08
725,0,119.34,119.37,118.23,118.27,9.23,3.22,3.42,0.94,3.97,3.63,0.79,0.79,5.01,4.59,1.75,100.39,97.7,7375,13687,9034.57
726,0,129.87,129.93,117.91,117.95,11.55,4.15,4.54,0.91,4.98,4.57,0.67,0.83,7.45,5.49,2.61,149.42,149.44,7329,11752,8526.78
727,0,6.24,6.29,118.69,118.71,8.44,3.02,3.19,0.95,3.59,3.24,0.79,0.83,4.52,3.91,0.95,54.58,53.36,7289,12380,8803.23
728,0,8.52,8.54,118.23,118.27,8.41,2.84,3.08,0.92,3.52,3.15,0.82,0.81,4.28,3.88,0.34,19.44,20.71,7379,12362,8837.63
729,0,117.84,117.9,119.08,119.14,8.06,2.78,2.94,0.95,3.44,3.11,0.85,0.79,4.03,3.93,1.38,79.11,84.85,7372,13777,9202.51
730,0,96.85,96.9,118.43,118.44,6.75,2.21,2.34,0.94,2.74,2.47,0.82,0.79,3.33,3.13,0.39,22.31,17.98,7324,12394,8763.33
731,0,121.62,121.68,120.19,120.19,10.81,3.82,4.09,0.93,4.71,4.3,0.7,0.8,6.69,5.38,2.14,122.59,122.72,7372,13534,8943.17
732,0,94.19,94.19,118.82,118.84,6.95,2.39,2.47,0.97,2.87,2.58,0.85,0.81,3.36,3.17,3.05,174.81,179.8,7231,12934,8872.12
733,0,113.75,113.79,120.51,120.56,9.47,3.57,3.84,0.93,4.15,3.72,0.83,0.86,4.98,4.33,0.85,48.81,47.42,7390,14866,9134.14
734,0,100.88,100.93,120.7,120.74,9.71,3.49,3.69,0.95,4.16,3.78,0.76,0.82,5.49,4.6,2.54,145.81,147.66,7207,12534,8669.6
735,0,118.56,118.63,121.55,121.59,9.51,3.3,3.52,0.94,4.23,3.82,0.78,0.78,5.43,4.91,1.63,93.52,90.42,7666,14056,9670.12
736,0,95.81,95.87,121.62,121.64,11.42,3.99,4.39,0.91,5.02,4.58,0.74,0.8,6.77,5.72,2.5,143.43,145.04,7658,14323,9329.6
739,0,115.18,115.21,122.14,122.14,9.12,3.13,3.3,0.95,4.06,3.69,0.65,0.76,6.25,4.83,0.88,50.19,48.18,7475,13875,9855.01
740,0,121.03,121.04,122.72,122.78,9.97,3.38,3.68,0.92,4.4,3.99,0.79,0.76,5.57,5.28,1.42,81.51,84.14,7655,14977,9828.23
741,0,9.62,9.63,122.72,122.75,12.27,4.72,5.17,0.91,5.53,5.04,0.78,0.87,7.07,5.78,0.7,40.24,41.43,7274,11508,8503.52
742,0,128.05,128.08,122.4,122.44,8.95,3.21,3.43,0.93,3.82,3.44,0.76,0.84,5.04,4.11,2.13,121.8,122.61,7241,13116,8798.92
743,0,113.62,113.64,122.59,122.61,10.08,3.62,3.89,0.93,4.49,4.09,0.74,0.81,6.05,5.07,0.9,51.47,48.76,7897,15247,9839.01
744,0,117.65,117.66,122.4,122.41,7.28,2.39,2.53,0.95,3.11,2.81,0.79,0.75,3.93,3.76,1.38,79.16,84.6,7836,14162,9664.15
745,0,98.61,98.63,122.14,122.17,8.09,2.83,3.01,0.94,3.47,3.12,0.74,0.81,4.68,3.87,2.48,141.84,141.01,7444,14292,9181.48
746,0,115.77,115.81,122.66,122.67,9.67,3.21,3.45,0.93,4.29,3.94,0.74,0.73,5.79,5.4,0.88,50.53,47.76,8145,16033,10383.29
747,0,93.67,93.69,121.88,121.91,8.46,2.87,3.08,0.93,3.47,3.17,0.82,0.81,4.23,3.92,2.84,162.58,158.17,7321,13501,8724.88
748,0,119.73,119.72,124.8,124.8,16.65,6.19,7.34,0.84,7.59,6.79,0.65,0.91,11.61,7.44,1.46,83.61,84.13,7353,14067,9406.6
749,0,130.46,130.48,122.92,122.93,10.69,3.86,4.17,0.92,4.75,4.31,0.74,0.81,6.41,5.33,2.44,139.99,140.28,7495,14993,9502.86
750,0,104.65,104.67,122.27,122.29,9.99,3.57,3.82,0.93,4.23,3.86,0.82,0.83,5.14,4.66,2.89,165.75,165.16,7126,12486,8525.09
751,0,121.62,121.68,124.54,124.58,11.91,4.21,4.63,0.91,5.12,4.71,0.68,0.82,7.54,5.75,1.26,72.26,71.65,7817,15265,9911.76
752,0,111.02,111.08,123.7,123.7,9.66,3.6,3.77,0.96,4.28,3.86,0.78,0.83,5.47,4.67,0.73,41.92,41.08,7278,14385,8852.59
753,0,96.72,96.77,123.31,123.31,8.27,2.69,2.9,0.93,3.47,3.15,0.67,0.76,5.18,4.13,2.61,149.59,152.85,7486,13401,9102.16
754,0,49.34,49.33,125.12,125.16,12.0,4.23,4.71,0.9,5.28,4.84,0.73,0.8,7.27,6.03,1.81,103.52,101.72,7252,11539,8580.27
755,0,99.97,99.98,124.22,124.26,10.92,3.6,3.92,0.92,4.8,4.34,0.7,0.75,6.82,5.81,2.57,147.17,148.35,7796,14252,9613.98
756,0,101.4,101.4,124.02,124.03,7.88,2.67,2.83,0.94,3.29,2.96,0.81,0.8,4.04,3.69,2.62,150.4,151.5,7382,13727,9206.4
757,0,116.03,116.03,124.67,124.68,8.4,2.76,3.01,0.92,3.55,3.13,0.79,0.8,4.52,3.93,1.12,63.9,60.45,7627,15474,9869.73
758,0,122.66,122.68,125.26,125.26,10.45,3.62,3.99,0.91,4.51,4.06,0.74,0.81,6.08,5.03,1.31,74.96,74.79,7595,15147,9635.92
759,0,130.84,130.88,124.41,124.47,7.99,2.51,2.7,0.93,3.4,3.08,0.67,0.74,5.09,4.18,2.64,151.48,147.7,7812,14981,10012.86
760,0,112.45,112.47,125.06,125.12,8.75,3.08,3.17,0.97,3.86,3.47,0.83,0.78,4.67,4.42,0.74,42.27,44.92,7475,16058,9813.77
761,0,123.37,123.39,126.36,126.36,12.27,4.36,4.73,0.92,5.33,4.87,0.7,0.82,7.61,5.98,1.16,66.25,66.97,7353,14449,9098.83
762,0,113.75,113.8,125.45,125.51,9.94,3.35,3.61,0.93,4.37,3.93,0.74,0.77,5.89,5.09,0.64,36.53,36.71,8061,15938,10241.97
764,0,130.39,130.39,125.26,125.27,8.9,2.83,3.03,0.93,3.81,3.43,0.76,0.74,5.02,4.64,2.66,152.56,153.31,7675,15176,9985.25
766,0,54.41,54.45,127.2,127.27,13.02,4.66,5.06,0.92,5.74,5.23,0.68,0.8,8.46,6.51,1.3,74.23,74.45,7324,11870,8713.74
767,0,115.38,115.43,127.2,127.22,14.7,5.35,5.86,0.91,6.72,6.16,0.64,0.81,10.44,7.57,0.83,47.35,46.44,7324,14145,9265.0
768,0,103.74,103.75,125.58,125.63,7.77,2.74,2.93,0.93,3.26,2.9,0.79,0.84,4.13,3.46,2.92,167.35,168.31,7393,13049,8873.16
770,0,106.92,106.93,126.56,126.56,8.62,3.0,3.18,0.95,3.56,3.23,0.82,0.82,4.33,3.92,2.88,165.2,162.53,7259,11629,8447.4
771,0,101.53,101.54,126.3,126.34,10.27,3.56,4.01,0.89,4.56,4.05,0.72,0.83,6.37,4.87,0.06,3.27,1.24,7397,13667,8978.63
772,0,98.34,98.37,127.47,127.49,8.47,2.92,3.11,0.94,3.49,3.18,0.81,0.82,4.29,3.89,2.08,118.95,119.17,7305,11998,8648.68
773,0,128.44,128.45,126.56,126.62,7.22,2.47,2.62,0.95,2.98,2.65,0.8,0.82,3.71,3.25,2.85,163.54,166.2,7289,14288,9014.82
774,0,113.95,113.98,127.47,127.49,8.25,2.71,2.87,0.94,3.55,3.25,0.74,0.74,4.8,4.39,0.88,50.19,50.34,7958,14979,9962.97
775,0,2.47,2.52,128.7,128.73,12.34,4.42,4.75,0.93,5.45,4.97,0.67,0.8,8.15,6.21,2.11,120.85,122.33,7428,13653,9157.21
776,0,111.87,111.89,128.83,128.85,12.83,4.44,4.75,0.93,5.73,5.21,0.74,0.76,7.74,6.9,0.95,54.69,54.45,7573,15378,9529.72
777,0,120.31,120.33,128.77,128.79,10.16,3.83,3.92,0.98,4.55,4.09,0.84,0.82,5.39,4.97,1.6,91.64,90.49,7160,14030,8935.6
778,0,131.3,131.31,126.88,126.93,6.65,2.26,2.28,0.99,2.82,2.56,0.79,0.77,3.57,3.31,0.14,7.94,1.05,7739,15826,9710.54
779,0,1.56,1.62,129.09,129.13,12.67,4.42,4.92,0.9,5.5,5.05,0.67,0.81,8.22,6.25,2.08,118.99,117.76,7454,13968,9204.52
782,0,129.16,129.18,127.86,127.91,6.55,2.12,2.23,0.95,2.78,2.48,0.73,0.76,3.82,3.25,2.95,169.22,176.48,7354,14318,9474.7
783,0,109.85,109.87,130.0,130.0,13.12,4.89,5.26,0.93,5.97,5.44,0.74,0.82,8.05,6.67,0.9,51.63,50.16,7272,13183,8976.04
784,0,125.06,125.11,128.63,128.65,9.68,3.42,3.77,0.91,4.15,3.71,0.8,0.84,5.16,4.44,2.9,166.4,166.97,7606,14295,9359.19
785,0,52.0,52.02,130.33,130.33,11.44,3.89,4.23,0.92,4.94,4.5,0.7,0.78,7.05,5.78,1.21,69.18,69.88,7202,11934,8677.51
786,0,129.09,129.13,128.83,128.88,9.71,3.1,3.49,0.89,4.23,3.91,0.6,0.73,7.06,5.33,2.96,169.38,172.3,7892,15004,9920.66
787,0,21.97,22.01,130.39,130.44,8.41,2.81,3.03,0.93,3.65,3.29,0.72,0.77,5.09,4.29,1.66,95.1,91.29,7226,11329,8556.16
789,0,99.97,100.0,130.52,130.53,8.33,2.84,3.02,0.94,3.49,3.15,0.79,0.8,4.45,3.93,1.99,114.18,113.92,7324,12835,8873.18
790,0,124.54,124.58,129.87,129.91,11.67,4.12,4.61,0.89,5.16,4.69,0.72,0.83,7.18,5.65,0.09,5.06,2.05,7216,14527,9403.22
793,0,125.39,125.4,130.84,130.85,11.32,3.92,4.44,0.88,5.09,4.52,0.72,0.82,7.09,5.52,0.09,5.13,5.11,7390,15575,9837.71
795,0,126.49,126.54,131.75,131.77,12.3,4.09,4.66,0.88,5.43,4.89,0.68,0.78,8.0,6.29,0.33,18.87,18.54,7448,15360,9972.89
798,0,129.16,129.21,131.62,131.67,6.95,2.19,2.34,0.94,2.86,2.57,0.76,0.75,3.76,3.41,0.37,21.32,22.63,7887,15461,10245.72
