IDENTIFIER,TRACK_ID,TRACK_FRAME_LENGTH,TOTAL_DISPLACEMENT_PIX,TOTAL_DISPLACEMENT_MIC,END_TO_END_DISTANCE_PIX,END_TO_END_DISTANCE_MIC,PERSISTENCE,SINUOSITY,MAX_DISTANCE_PIX,MAX_DISTANCE_MIC,MEAN_DIRECTIONAL_CHANGE_RAD,MEAN_DIRECTIONAL_CHANGE_DEG,SPEED_PIX_FR,SPEED_MIC_SEC,AVERAGE_ANGULAR_VELOCITY_RAD_FR,AVERAGE_ANGULAR_VELOCITY_DEG_SEC
241022_459+2624_0p5agarose_LB_OD0p1_5s_2h_1019_SC70pc_corrected_spots.csv,0,34,27.13907193473302,1.7640396757576464,3.9889598153720427,0.2592823879991828,0.1469821748129459,6.803546084908808,9.078117599491055,0.5900776439669185,1.4752005224067082,84.52276386939862,0.8223961192343341,0.010691149550046342,-0.08160844909624361,-0.9351639411645951
241022_459+2624_0p5agarose_LB_OD0p1_5s_2h_1019_SC70pc_corrected_spots.csv,1,60,73.64891922781614,4.7871797498080495,10.988923593454167,0.7142800335745209,0.1492068547464008,6.702104951542933,18.468922156263144,1.2004799401571045,1.6362670116775566,93.75119392560738,1.248286766573155,0.016227727965451015,-0.007587638589914214,-0.08694793353453592
241022_459+2624_0p5agarose_LB_OD0p1_5s_2h_1019_SC70pc_corrected_spots.csv,3,58,48.2788284260025,3.1381238476901623,5.707165909319136,0.3709657841057439,0.11821260157682935,8.459335017257654,11.031811162945607,0.7170677255914645,1.4225648895681713,81.50696425575025,0.8360605428298755,0.01086878705678838,0.0075403197853064225,0.0864056999754098
241022_459+2624_0p5agarose_LB_OD0p1_5s_2h_1019_SC70pc_corrected_spots.csv,4,60,55.99433180265185,3.6396315671723705,4.3478479064128415,0.2826101139168347,0.07764800054649336,12.878631683519385,8.00930987546476,0.5206051419052095,1.5466754956787632,88.61797817869773,0.9490564712313873,0.012337734126008035,0.025174253764875837,0.28847569862374167
241022_459+2624_0p5agarose_LB_OD0p1_5s_2h_1019_SC70pc_corrected_spots.csv,5,60,6.804696398789322,0.442305265921306,3.1050168402833944,0.20182609461842063,0.45630497796137276,2.1915167449359982,3.624925550724988,0.23562016079712422,1.304006445325126,74.71406577498666,0.11533383726761563,0.0014993398844790032,-0.027497094652949992,-0.3150934944971555
241022_459+2624_0p5agarose_LB_OD0p1_5s_2h_1019_SC70pc_corrected_spots.csv,6,8,11.176323169984705,0.7264610060490059,1.1905142406290306,0.07738342564088699,0.10652110023324064,9.387811408353658,4.761437944019979,0.30949346636129865,1.5917256082751263,91.19915949705849,1.5966175957121007,0.02075602874425731,0.2082333083771953,2.386177944811892
241022_459+2624_0p5agarose_LB_OD0p1_5s_2h_1019_SC70pc_corrected_spots.csv,8,54,27.736728517900104,1.8028873536635068,2.1786444326964407,0.14161188812526865,0.07854727464669946,12.731186466977181,3.3457378529753066,0.21747296044339492,1.8814042729391562,107.79652439729286,0.515680141767807,0.0067038418429814905,-0.06038990516007524,-0.6920173381735246
241022_459+2624_0p5agarose_LB_OD0p1_5s_2h_1019_SC70pc_corrected_spots.csv,9,60,9.773265057873283,0.6352622287617634,0.13007588142341814,0.008454932292522178,0.013309357789148447,75.13510537791181,1.6071235580253622,0.10446303127164855,1.570645272492811,89.99134522601321,0.16564856030293704,0.0021534312839381815,-0.01498453360461717,-0.1717101067033036
241022_459+2624_0p5agarose_LB_OD0p1_5s_2h_1019_SC70pc_corrected_spots.csv,10,41,26.936567995176254,1.7508769196864566,3.9820378707784365,0.25883246160059836,0.1478301865141666,6.764518286690857,7.578192668246333,0.49258252343601167,1.216858242550523,69.72084156385162,0.6734141998794063,0.008754384598432283,-0.03493892863110089,-0.4003706302541751
241022_459+2624_0p5agarose_LB_OD0p1_5s_2h_1019_SC70pc_corrected_spots.csv,11,16,15.393176758179576,1.0005564892816725,3.675378584120528,0.23889960796783435,0.2387667368379641,4.188188075287208,4.171112587195979,0.27112231816773863,1.6584830025851764,95.024076442315,1.0262117838786384,0.0133407531904223,-0.18029825659797297,-2.06606583132612
241022_459+2624_0p5agarose_LB_OD0p1_5s_2h_1019_SC70pc_corrected_spots.csv,13,25,5.546225202053646,0.36050463813348704,0.30692833286946836,0.019950341636515444,0.055340041503511156,18.0700984826069,1.3980103752714272,0.09087067439264278,1.4571502940889918,83.48856196754593,0.23109271675223528,0.0030042053177790585,0.003791697963592426,0.04344965810043898
241022_459+2624_0p5agarose_LB_OD0p1_5s_2h_1019_SC70pc_corrected_spots.csv,15,60,57.39637396275184,3.7307643075788697,0.8758062424986766,0.05692740576241398,0.015258912402150056,65.53547026451866,6.811441518913919,0.4427436987294048,1.613659301235815,92.45586753284174,0.9728198976737601,0.012646658669758882,0.003058644719599015,0.03504948669259973
241022_459+2624_0p5agarose_LB_OD0p1_5s_2h_1019_SC70pc_corrected_spots.csv,16,60,29.64920365586597,1.9271982376312882,4.742034384107442,0.30823223496698376,0.15993800167949032,6.2524227481844,6.201445412528735,0.4030939518143678,1.189787172112739,68.16978348086523,0.502528875523152,0.006532875381800976,0.0007653706415458428,0.008770501504759396
241022_459+2624_0p5agarose_LB_OD0p1_5s_2h_1019_SC70pc_corrected_spots.csv,17,60,39.49177153675186,2.5669651498888713,0.26956464857137397,0.01752170215713931,0.006825843411975366,146.5020422598011,6.421603873977967,0.4174042518085678,1.3144280676494613,75.3111807498504,0.669352059944947,0.00870157677928431,-0.01394906335128755,-0.15984449163787773
241022_459+2624_0p5agarose_LB_OD0p1_5s_2h_1019_SC70pc_corrected_spots.csv,18,60,63.76312202133267,4.144602931386624,22.50696890363214,1.462952978736089,0.3529778371909421,2.833039059783953,22.731582476837783,1.477552860994456,1.5063913076642943,86.30986422435717,1.080730881717503,0.01404950146232754,-0.03010566346104518,-0.3449854911518207
241022_459+2624_0p5agarose_LB_OD0p1_5s_2h_1019_SC70pc_corrected_spots.csv,19,60,30.720955341537273,1.996862097199923,0.4059589363975188,0.02638733086583872,0.01321439818144681,75.67503160333199,5.270816711819508,0.342603086268268,1.7085961531099552,97.89534846548864,0.5206941583311402,0.006769024058304823,0.03142318931894905,0.36008322536326964
241022_459+2624_0p5agarose_LB_OD0p1_5s_2h_1019_SC70pc_corrected_spots.csv,20,60,57.30130838894813,3.7245850452816285,0.7766324333528966,0.05048110816793828,0.013553485167935326,73.78176075079111,9.23252670454833,0.6001142357956415,1.4595540531803826,83.62628721844884,0.9712086167618328,0.012625712017903825,-0.05133638076448852,-0.5882715906563549
241022_459+2624_0p5agarose_LB_OD0p1_5s_2h_1019_SC70pc_corrected_spots.csv,21,60,32.53251190351843,2.1146132737286982,6.449399833043654,0.41921098914783755,0.1982447544219954,5.044269660075551,9.162495863307687,0.5955622311149996,1.2609256819389507,72.24571985475708,0.5513985068392956,0.0071681805889108425,-0.034175101169989244,-0.39161781229459713
241022_459+2624_0p5agarose_LB_OD0p1_5s_2h_1019_SC70pc_corrected_spots.csv,22,60,61.56435871460344,4.001683316449224,0.5462455439161183,0.03550596035454769,0.008872756174532287,112.70455091173666,14.478491292519946,0.9411019340137965,1.361482011232577,78.0071731266096,1.043463707027177,0.013565028191353301,-0.014799634601346909,-0.1695913201985913
241022_459+2624_0p5agarose_LB_OD0p1_5s_2h_1019_SC70pc_corrected_spots.csv,26,60,54.67579981405634,3.553926987913662,4.785062866193146,0.3110290863025545,0.08751701634848287,11.426349317235783,14.589591354760737,0.948323438059448,1.3943386230068473,79.88971831037514,0.9267084714246838,0.01204721012852089,-0.0409267764690096,-0.468986312149916
241022_459+2624_0p5agarose_LB_OD0p1_5s_2h_1019_SC70pc_corrected_spots.csv,27,58,48.26670464394463,3.137335801856401,5.663912625273153,0.36815432064275494,0.11734616371792699,8.521795415517532,8.305876036073814,0.5398819423447979,1.6513299768378367,94.61423825624402,0.8398487965411271,0.010918034355034653,-0.08900960173685768,-1.0199749031324534
241022_459+2624_0p5agarose_LB_OD0p1_5s_2h_1019_SC70pc_corrected_spots.csv,28,60,59.697046618207146,3.8803080301834645,4.4127802615962155,0.286830717003754,0.07391957410922152,13.528216471085555,6.827331762749654,0.4437765645787275,1.6848731064271318,96.53611801337104,1.011814349461138,0.013153586542994793,-0.002700931078952583,-0.030950390315939748
241022_459+2624_0p5agarose_LB_OD0p1_5s_2h_1019_SC70pc_corrected_spots.csv,29,60,54.352496500851785,3.5329122725553663,2.303782482834768,0.14974586138425994,0.042385955221001935,23.59272062611219,8.49973890718724,0.5524830289671706,1.4399274844503838,82.50176766389646,0.9212287542517251,0.011975973805272428,-0.022181410264229325,-0.25418023835770087
241022_459+2624_0p5agarose_LB_OD0p1_5s_2h_1019_SC70pc_corrected_spots.csv,30,41,37.938830140869015,2.466023959156486,5.64675555411725,0.3670391110176212,0.14883842050876445,6.718695324646464,7.240515066101901,0.4706334792966236,1.9128103761473294,109.59596156207344,0.9484707535217254,0.01233011979578243,-0.004572511543648139,-0.0523971226451775
241022_459+2624_0p5agarose_LB_OD0p1_5s_2h_1019_SC70pc_corrected_spots.csv,31,60,50.26989658677576,3.2675432781404243,2.59744329035546,0.1688338138731049,0.05166995491768638,19.353606977073337,7.754288040102127,0.5040287226066382,1.607264297006306,92.08946078052257,0.8520321455385722,0.01107641789200144,-0.002930023101868989,-0.03357559152258462
241022_459+2624_0p5agarose_LB_OD0p1_5s_2h_1019_SC70pc_corrected_spots.csv,32,21,23.310563378422852,1.5151866195974855,5.400455078951774,0.3510295801318653,0.2316741552437399,4.316407235619007,7.937002296617428,0.5159051492801329,2.156354147022828,123.54999175994065,1.1655281689211425,0.015151866195974853,-0.08127836231178072,-0.9313814252400416
241022_459+2624_0p5agarose_LB_OD0p1_5s_2h_1019_SC70pc_corrected_spots.csv,34,60,47.399452169155936,3.080964390995136,1.7237858153645345,0.11204607799869475,0.03636720967180813,27.497297951214563,7.069677239842459,0.45952902058975986,1.7958857042441263,102.89667134106803,0.8033805452399311,0.010443947088119104,0.0005384640500334186,0.006170343497287216
241022_459+2624_0p5agarose_LB_OD0p1_5s_2h_1019_SC70pc_corrected_spots.csv,35,28,14.990004654397946,0.9743503025358665,0.31197794507836735,0.02027856643009388,0.020812398146042972,48.04828319076379,2.447249200870741,0.15907119805659817,1.7042526077107314,97.64648164598965,0.5551853575702942,0.007217409648413825,-0.0331186000718926,-0.37951120150022216
241022_459+2624_0p5agarose_LB_OD0p1_5s_2h_1019_SC70pc_corrected_spots.csv,37,60,55.22043432478117,3.5893282311107764,3.5636149400945496,0.23163497110614573,0.06453435188747353,15.495623195281604,6.784441017374639,0.44098866612935156,1.5363440090295195,88.0260275976003,0.9359395648267995,0.012167214342748395,0.03277494183339508,0.37557316816806047
241022_459+2624_0p5agarose_LB_OD0p1_5s_2h_1019_SC70pc_corrected_spots.csv,40,60,44.12737979646792,2.868279686770415,15.178787107731795,0.9866211620025667,0.34397662353264735,2.907174300770728,16.20081211296061,1.0530527873424396,1.4021298609716168,80.33612336293854,0.747921691465558,0.009722981989052254,-0.009931308318498434,-0.11380441033862532
241022_459+2624_0p5agarose_LB_OD0p1_5s_2h_1019_SC70pc_corrected_spots.csv,42,60,59.1467282495916,3.844537336223454,6.158381639505172,0.40029480656783617,0.10412041074389765,9.6042648396737,10.496129060967782,0.6822483889629058,1.5472802091821833,88.65262571025828,1.0024869194846031,0.01303232995329984,0.04018677035076053,0.46050646667200984
241022_459+2624_0p5agarose_LB_OD0p1_5s_2h_1019_SC70pc_corrected_spots.csv,43,60,34.047695640540674,2.213100216635144,8.505871379592746,0.5528816396735284,0.24982223376858387,4.002846283595091,8.876116538256916,0.5769475749866996,1.1702646651999933,67.05122622924992,0.5770795871278082,0.007502034632661507,0.017015513806697743,0.19498342547407238
241022_459+2624_0p5agarose_LB_OD0p1_5s_2h_1019_SC70pc_corrected_spots.csv,45,60,34.77978946685071,2.2606863153452963,12.573218983894284,0.8172592339531285,0.3615093471419102,2.76618020503755,12.573218983894284,0.8172592339531285,1.6381819309941266,93.86091072055491,0.5894879570652661,0.007663343441848459,0.03731817284690899,0.4276347606535186
241022_459+2624_0p5agarose_LB_OD0p1_5s_2h_1019_SC70pc_corrected_spots.csv,47,60,80.74380307626814,5.248347199957429,16.212933673234968,1.053840688760273,0.20079477378493957,4.980209301020185,21.964234686556207,1.4276752546261535,1.3522057074841236,77.47568007234183,1.3685390351909856,0.017791007457482813,0.022486494598685545,0.2576762473096807
241022_459+2624_0p5agarose_LB_OD0p1_5s_2h_1019_SC70pc_corrected_spots.csv,48,60,48.86863855120049,3.176461505828032,6.54181490772157,0.42521796900190206,0.13386529892515014,7.470195846342099,13.322991516475406,0.8659944485709015,1.3725478003959442,78.64119614265215,0.8282820093423812,0.010767666121450956,-0.017968677883344462,-0.2059058812291406
241022_459+2624_0p5agarose_LB_OD0p1_5s_2h_1019_SC70pc_corrected_spots.csv,49,59,40.03322832271105,2.6021598409762183,4.937003642949208,0.3209052367916986,0.1233226459567944,8.108810772275726,8.565975419933217,0.5567884022956591,1.6651772479402334,95.40762844818482,0.687558647162625,0.008938262413114125,-0.003622606263058092,-0.041512009942177505
241022_459+2624_0p5agarose_LB_OD0p1_5s_2h_1019_SC70pc_corrected_spots.csv,51,60,38.26526805915404,2.4872424238450126,1.3928726063984609,0.09053671941589995,0.03640044032215396,27.4721951479082,8.37481963461706,0.5443632762501089,1.5249052482801644,87.37063488380235,0.6485638654093905,0.008431330250322076,0.015562960508675915,0.17833839077518054
241022_459+2624_0p5agarose_LB_OD0p1_5s_2h_1019_SC70pc_corrected_spots.csv,53,38,27.032903511090076,1.757138728220855,9.26131627770344,0.6019855580507236,0.34259421204622154,2.9189051210972696,9.446233755488164,0.6140051941067307,1.166011434624471,66.80753406797649,0.7306190138132453,0.00949804717957219,-0.01752479325197891,-0.20081933803554733
241022_459+2624_0p5agarose_LB_OD0p1_5s_2h_1019_SC70pc_corrected_spots.csv,54,46,31.43699452434824,2.0434046440826354,14.806536517253702,0.9624248736214907,0.4709908418817169,2.1231835336856437,14.806536517253702,0.9624248736214907,1.5559370943490896,89.1486286940514,0.6918323863034112,0.008993821021944345,0.01714044612631434,0.1964150444018345
241022_459+2624_0p5agarose_LB_OD0p1_5s_2h_1019_SC70pc_corrected_spots.csv,56,60,41.43689379369686,2.693398096590296,9.909934946323604,0.6441457715110342,0.23915728325734315,4.181348719051799,9.909934946323604,0.6441457715110342,1.399458240664388,80.18305079487288,0.7023202337914721,0.009130163039289138,-0.026160398127282842,-0.2997760806150499
241022_459+2624_0p5agarose_LB_OD0p1_5s_2h_1019_SC70pc_corrected_spots.csv,57,56,38.7921716328148,2.5214911561329623,1.368264108216899,0.08893716703409843,0.035271655352737886,28.35137704764336,7.656037264325658,0.4976424221811678,1.4390509739340414,82.4515473106112,0.657376450915713,0.008545893861904269,0.02087821319736983,0.23924669999672546
241022_459+2624_0p5agarose_LB_OD0p1_5s_2h_1019_SC70pc_corrected_spots.csv,58,60,50.33623641941947,3.271855367262266,11.51790787949874,0.7486640121674181,0.22881940921302546,4.37025863950651,13.099228868586794,0.8514498764581416,1.3292249461719663,76.1589794391577,0.8531565494816858,0.011091035143261917,0.04431324302176703,0.5077923603369595
241022_459+2624_0p5agarose_LB_OD0p1_5s_2h_1019_SC70pc_corrected_spots.csv,59,60,69.42294540586931,4.512491451381505,20.778379639525642,1.3505946765691668,0.2993013263561265,3.341114495463814,21.526034462020316,1.3991922400313206,1.4836450853106355,85.00660168362639,1.1766600916249037,0.015296581191123749,-0.0013952341102810859,-0.015988205190359338
241022_459+2624_0p5agarose_LB_OD0p1_5s_2h_1019_SC70pc_corrected_spots.csv,60,60,49.249877602073695,3.20124204413479,8.196979145346829,0.5328036444475439,0.16643653841287293,6.008296072100089,13.072767859002258,0.8497299108351468,1.5730001663249835,90.12627070379807,0.8347436881707407,0.01085166794621963,-0.04056081429313227,-0.46479269452207694
241022_459+2624_0p5agarose_LB_OD0p1_5s_2h_1019_SC70pc_corrected_spots.csv,61,60,57.137226191561325,3.713919702451486,11.468244298462874,0.7454358794000868,0.20071405391668515,4.982212159468874,14.939644237354527,0.9710768754280442,1.695728312474971,97.1580755056571,0.968427562568836,0.01258955831339487,-0.035898502660031806,-0.41136653865179634
241022_459+2624_0p5agarose_LB_OD0p1_5s_2h_1019_SC70pc_corrected_spots.csv,62,60,48.68287768524009,3.1643870495406063,16.202913975955454,1.0531894084371045,0.33282572325973925,3.004575458308533,17.97827220829579,1.1685876935392265,1.451817305718408,83.18300424171915,0.8251335200888152,0.010726735761154599,0.00837421890176141,0.09596147995792162
241022_459+2624_0p5agarose_LB_OD0p1_5s_2h_1019_SC70pc_corrected_spots.csv,63,54,56.04030441957502,3.6426197872723765,0.7420205264460515,0.04823133421899335,0.013240836825055894,75.52392746866879,9.153810379534724,0.5949976746697571,1.7470698340351718,100.09972800483654,1.057364234331604,0.013745735046310853,-0.0011372746160444155,-0.01303220712934124
241022_459+2624_0p5agarose_LB_OD0p1_5s_2h_1019_SC70pc_corrected_spots.csv,64,35,13.478686615723223,0.8761146300220095,1.8314021437933798,0.1190411393465697,0.13587393163789444,7.359763480348911,2.348176998706252,0.15263150491590638,1.819315727273417,104.23911277454071,0.3964319592859771,0.005153615470717702,-0.06965475686281294,-0.7981847182498176
241022_459+2624_0p5agarose_LB_OD0p1_5s_2h_1019_SC70pc_corrected_spots.csv,66,60,52.21217151773183,3.393791148652569,0.9561811884691596,0.06215177725049537,0.018313377143190257,54.604893034261856,8.374389227455968,0.5443352997846379,1.5986235662154913,91.59438337430015,0.8849520596225733,0.011504376775093453,-0.04646391457233631,-0.5324372409302548
241022_459+2624_0p5agarose_LB_OD0p1_5s_2h_1019_SC70pc_corrected_spots.csv,70,10,4.713481330024212,0.30637628645157383,1.473503720808194,0.09577774185253261,0.31261473582640137,3.1988255363474347,1.9792745579874054,0.12865284626918136,1.5443999148700591,88.48759700241801,0.5237201477804682,0.006808361921146086,0.0216019142591438,0.24753970329048242
241022_459+2624_0p5agarose_LB_OD0p1_5s_2h_1019_SC70pc_corrected_spots.csv,73,8,5.525944634046776,0.35918640121304046,4.089776776738628,0.2658354904880108,0.740104551815531,1.351160450975374,4.10529962286647,0.26684447548632056,1.4318761923237957,82.04046260541605,0.7894206620066824,0.01026246860608687,0.2854544523352094,3.2710670724051645
241022_459+2624_0p5agarose_LB_OD0p1_5s_2h_1019_SC70pc_corrected_spots.csv,75,8,10.240414689692315,0.6656269548300006,1.2744234811364012,0.08283752627386608,0.12445037820774939,8.035331144841239,4.861022502832516,0.31596646268411355,1.6664890267616468,95.48278783830646,1.4629163842417594,0.019017912995142872,0.18269462902808753,2.0935262366035348
241022_459+2624_0p5agarose_LB_OD0p1_5s_2h_1019_SC70pc_corrected_spots.csv,76,59,63.88776028837177,4.1527044187441655,3.1707702190723914,0.20610006423970545,0.0496303236294465,20.14897197661398,7.1660938814541595,0.4657961022945204,1.5305786294413348,87.69569567990645,1.0833738302984832,0.014083859793880282,-0.025824462548403808,-0.2959265424434393
241022_459+2624_0p5agarose_LB_OD0p1_5s_2h_1019_SC70pc_corrected_spots.csv,79,55,43.502451721897664,2.8276593619233483,1.3436011053860102,0.08733407185009066,0.03088564097433816,32.377505159464434,4.450734496025294,0.2892977422416441,1.7197818159017662,98.53623973451593,0.8056009578129194,0.010472812451567953,-0.005972021260287499,-0.06843432267537451
241022_459+2624_0p5agarose_LB_OD0p1_5s_2h_1019_SC70pc_corrected_spots.csv,80,9,6.509215927664015,0.423099035298161,5.036324221635525,0.3273610744063091,0.7737221007266428,1.2924537105258436,5.129511131056161,0.3334182235186505,1.0233434019163048,58.63325792236419,0.813651990958002,0.010577475882454026,-0.0033394201362323037,-0.03826693596542268
241022_459+2624_0p5agarose_LB_OD0p1_5s_2h_1019_SC70pc_corrected_spots.csv,82,60,78.93651325825572,5.130873361786621,9.699187284059708,0.630447173463881,0.12287326718279264,8.138466754630592,15.645559415110796,1.0169613619822018,1.5084975575791302,86.43054345507704,1.3379070043772154,0.0173927910569038,-0.00208118628244116,-0.023848638072880034
241022_459+2624_0p5agarose_LB_OD0p1_5s_2h_1019_SC70pc_corrected_spots.csv,83,55,39.80260589318681,2.5871693830571427,6.791910734023787,0.44147419771154617,0.17063985087434663,5.860295791845047,9.36921401257394,0.6089989108173061,1.8651275337997169,106.86393594036757,0.7370852943182741,0.009582108826137564,-0.0536184668630583,-0.6144223710430599
241022_459+2624_0p5agarose_LB_OD0p1_5s_2h_1019_SC70pc_corrected_spots.csv,84,15,5.870146086638562,0.38155949563150654,1.5604135079992865,0.10142687801995362,0.2658219207782664,3.7619169896606963,1.672724861838557,0.10872711601950621,1.6395647253265344,93.94013899973649,0.4192961490456116,0.00545084993759295,-0.08445330423779372,-0.967763579751978
241022_459+2624_0p5agarose_LB_OD0p1_5s_2h_1019_SC70pc_corrected_spots.csv,85,60,35.10911587519682,2.2820925318877934,0.48990273534151757,0.03184367779719864,0.013953718945329928,71.6654824364714,6.481513092049057,0.4212983509831887,1.6093269361577263,92.20764129855739,0.5950697605965564,0.007735906887755233,-0.051641134717569294,-0.5917638137166462
241022_459+2624_0p5agarose_LB_OD0p1_5s_2h_1019_SC70pc_corrected_spots.csv,86,46,37.661696426368124,2.448010267713928,6.339519212681936,0.41206874882432587,0.16832803124193424,5.9407811795928485,7.8064053650737755,0.5074163487297955,1.7744364209357761,101.66771793391916,0.836926587252625,0.010880045634284127,-0.03665717497173188,-0.42006028295056597
241022_459+2624_0p5agarose_LB_OD0p1_5s_2h_1019_SC70pc_corrected_spots.csv,87,60,42.41202215605895,2.756781440143832,10.786337393471639,0.7011119305756566,0.254322638844767,3.9320133061782916,12.057184030269491,0.783716961967517,1.7158507894734614,98.31100851101968,0.7188478331535416,0.009345021830996041,0.04852387722371175,0.5560426741059331
241022_459+2624_0p5agarose_LB_OD0p1_5s_2h_1019_SC70pc_corrected_spots.csv,88,60,26.435268223664018,1.7182924345381612,4.453333278856336,0.2894666631256618,0.16846181552528575,5.936063296491674,5.514283790714739,0.35842844639645804,1.4416886543299836,82.6026752650031,0.44805539362142394,0.005824720117078511,0.03612744575184345,0.41399003323369293
241022_459+2624_0p5agarose_LB_OD0p1_5s_2h_1019_SC70pc_corrected_spots.csv,89,60,47.81547202836024,3.108005681843416,10.978707156549135,0.7136159651756938,0.22960574665115635,4.355291688405847,11.384415425345775,0.7399870026474754,1.271733153616974,72.864942369115,0.8104317292942413,0.010535612480825138,0.017371284640644732,0.1990602589258748
241022_459+2624_0p5agarose_LB_OD0p1_5s_2h_1019_SC70pc_corrected_spots.csv,90,60,17.685940247348857,1.1495861160776757,1.4347411445567906,0.09325817439619138,0.08112326087790894,12.32692065355961,2.897521757834046,0.188338914259213,1.4124012390025074,80.92462997389195,0.29976169910760775,0.003896902088398901,-0.001371177872785911,-0.01571254101447176
241022_459+2624_0p5agarose_LB_OD0p1_5s_2h_1019_SC70pc_corrected_spots.csv,91,60,35.48714293760799,2.3066642909445196,5.535705842740468,0.35982087977813043,0.15599187154832705,6.410590437016425,8.940027648648705,0.5811017971621658,1.3257956999105622,75.96249810146823,0.6014769989425082,0.007819200986252607,-0.01680695169656368,-0.19259347973866747
241022_459+2624_0p5agarose_LB_OD0p1_5s_2h_1019_SC70pc_corrected_spots.csv,92,59,52.98286678938479,3.443886341310012,8.130455201283374,0.5284795880834193,0.15345442204181228,6.5165929185639655,11.361280660816732,0.7384832429530876,1.481462097426807,84.8815256911548,0.9089665409809221,0.011816565032751988,-0.011427172720890411,-0.13094575373480918
241022_459+2624_0p5agarose_LB_OD0p1_5s_2h_1019_SC70pc_corrected_spots.csv,93,55,46.83047604428007,3.0439809428782048,1.041807553451518,0.06771749097434868,0.022246358385647154,44.95117729673803,4.967540413654098,0.3228901268875164,1.7348502618459778,99.39959809094027,0.8672310378570383,0.011274003492141497,0.03874981879837591,0.4440402148087278
241022_459+2624_0p5agarose_LB_OD0p1_5s_2h_1019_SC70pc_corrected_spots.csv,95,33,35.82749802119668,2.3287873713777842,5.229710520221797,0.33993118381441684,0.1459691803521344,6.8507612195095655,6.667551009730689,0.43339081563249476,1.7821312442298396,102.10859883276795,1.1196093131623965,0.014554921071111154,-0.04567220368577053,-0.5233649024512989
241022_459+2624_0p5agarose_LB_OD0p1_5s_2h_1019_SC70pc_corrected_spots.csv,96,60,51.159926486095344,3.3253952215961973,3.209072003293156,0.20858968021405513,0.06272628253610457,15.942280644870207,11.611851828824772,0.7547703688736103,1.4876029113854705,85.23336841376126,0.8671173980694126,0.011272526174902365,-0.019367197935894528,-0.2219317405442472
241022_459+2624_0p5agarose_LB_OD0p1_5s_2h_1019_SC70pc_corrected_spots.csv,98,60,57.19869156965743,3.717914952027733,4.109472358953202,0.2671157033319581,0.07184556580194888,13.918743472027526,8.392133888790418,0.5454887027713772,1.766872128784729,101.23431591866023,0.9694693486382616,0.0126031015322974,-0.005118266494927204,-0.058651013716509146
241022_459+2624_0p5agarose_LB_OD0p1_5s_2h_1019_SC70pc_corrected_spots.csv,99,60,56.85442443806256,3.695537588474066,6.918153656622606,0.4496799876804694,0.12168188711784904,8.218149994924872,13.345441548926056,0.8674537006801937,1.5133405713580743,86.70802770473425,0.9636343125095349,0.012527246062623953,0.005227652920317126,0.0599044898186822
241022_459+2624_0p5agarose_LB_OD0p1_5s_2h_1019_SC70pc_corrected_spots.csv,100,60,52.06282023785886,3.384083315460826,7.404833470002323,0.48131417555015105,0.1422288196484927,7.030923848425523,10.25326172702073,0.6664620122563475,1.3905481095050325,79.6725378845338,0.8824206819976078,0.011471468865968903,0.025806296674168627,0.2957183768584711
241022_459+2624_0p5agarose_LB_OD0p1_5s_2h_1019_SC70pc_corrected_spots.csv,101,60,58.69906867234928,3.815439463702703,6.550451813958455,0.4257793679072996,0.11159379462257302,8.961071745809436,8.791155344379147,0.5714250973846446,1.5533795619742798,89.00209288300674,0.9948994690228692,0.0129336930972973,-0.03051670334215109,-0.3496956612316063
241022_459+2624_0p5agarose_LB_OD0p1_5s_2h_1019_SC70pc_corrected_spots.csv,104,60,78.89116329883568,5.12792561442432,3.3464368801550233,0.21751839721007651,0.042418399478771684,23.574675430657177,10.229982170101993,0.6649488410566295,1.5974722772938053,91.52841937808736,1.337138360997215,0.017382798692963795,-0.016293617832194907,-0.18671110695677315
241022_459+2624_0p5agarose_LB_OD0p1_5s_2h_1019_SC70pc_corrected_spots.csv,106,7,5.545090398801265,0.36043087592208223,1.3983286114009295,0.09089135974106041,0.25217417766592576,3.9655130801091607,2.144613722788908,0.13939989198127903,1.1793255021382634,67.57037394466903,0.9241817331335441,0.012014362530736074,0.016323746881857337,0.1870563604340526
241022_459+2624_0p5agarose_LB_OD0p1_5s_2h_1019_SC70pc_corrected_spots.csv,108,60,31.154038849345437,2.0250125252074533,0.4920404552765841,0.031982629592977964,0.015793793467870767,63.31601094026555,5.3816520063619535,0.349807380413527,1.2515258597752665,71.70714971660446,0.5280345567685667,0.006864449237991367,-0.045794334414474946,-0.5247644175120229
241022_459+2624_0p5agarose_LB_OD0p1_5s_2h_1019_SC70pc_corrected_spots.csv,109,60,43.001382959088225,2.7950898923407346,2.0772419795379804,0.13502072866996873,0.048306399389858715,20.701190993960456,6.517427806320016,0.42363280741080106,1.5160904659666175,86.86558505990955,0.7288369993065802,0.009474880990985543,0.010914480424183163,0.12507073277677033
241022_459+2624_0p5agarose_LB_OD0p1_5s_2h_1019_SC70pc_corrected_spots.csv,110,23,16.374768432256754,1.064359948096689,7.347140679037514,0.4775641441374384,0.4486866919329581,2.228726677165228,7.347140679037514,0.4775641441374384,1.9163272276658576,109.7974623112593,0.7443076560116707,0.00967599952815172,-0.01988690127064554,-0.22788710208026872
241022_459+2624_0p5agarose_LB_OD0p1_5s_2h_1019_SC70pc_corrected_spots.csv,112,60,54.773577454484055,3.560282534541464,2.3893104040417055,0.15530517626271087,0.04362158754423487,22.92442930890447,8.285532227868305,0.5385595948114399,1.4993537852741232,85.90664389317155,0.9283657195675263,0.012068754354377844,0.03979108465299765,0.45597224257290947
241022_459+2624_0p5agarose_LB_OD0p1_5s_2h_1019_SC70pc_corrected_spots.csv,113,60,41.02673654436867,2.6667378753839635,4.709537216048947,0.30611991904318153,0.11479190432209452,8.711415721391822,7.907551584334512,0.5139908529817433,1.5825840327161753,90.67538579943064,0.6953684160062488,0.009039789408081235,-0.047004149614331,-0.5386278785005285
241022_459+2624_0p5agarose_LB_OD0p1_5s_2h_1019_SC70pc_corrected_spots.csv,114,60,37.055094440078385,2.4085811386050953,6.026952193698246,0.391751892590386,0.1626484100167226,6.14823102111595,11.290154498440693,0.733860042398645,1.4012193349322242,80.28395406374457,0.6280524481369217,0.008164681825779983,-0.052583000575227176,-0.6025568014188994
241022_459+2624_0p5agarose_LB_OD0p1_5s_2h_1019_SC70pc_corrected_spots.csv,116,21,15.802148724255645,1.0271396670766169,1.13585899922925,0.07383083494990125,0.07188003473766535,13.912068958363998,5.07831990979056,0.3300907941363864,1.372171559722604,78.61963913998859,0.7901074362127823,0.01027139667076617,0.00701827118658269,0.08042346369389208
241022_459+2624_0p5agarose_LB_OD0p1_5s_2h_1019_SC70pc_corrected_spots.csv,118,60,49.50328040145745,3.2177132260947343,16.551679015592075,1.0758591360134848,0.3343551958852563,2.990831344350273,19.69979728522394,1.2804868235395561,1.3877712246731528,79.5134341034732,0.8390386508721602,0.010907502461338084,-0.04527779668118217,-0.5188453310966368
241022_459+2624_0p5agarose_LB_OD0p1_5s_2h_1019_SC70pc_corrected_spots.csv,119,60,55.77088450765858,3.6251074929978078,4.057546829552296,0.26374054392089924,0.07275385472853858,13.744976176605771,8.6189176102198,0.560229644664287,1.5740036191047562,90.18376431301972,0.9452692289433657,0.012288499976263755,-0.03018934324284643,-0.34594439081737816
241022_459+2624_0p5agarose_LB_OD0p1_5s_2h_1019_SC70pc_corrected_spots.csv,120,17,17.076626333709644,1.1099807116911269,10.374978327165774,0.6743735912657753,0.6075543332985704,1.6459433258762883,10.374978327165774,0.6743735912657753,0.8657022335435769,49.60108429709568,1.067289145856853,0.01387475889613909,-0.004509393568216268,-0.05167384392444617
241022_459+2624_0p5agarose_LB_OD0p1_5s_2h_1019_SC70pc_corrected_spots.csv,121,60,29.580396059344363,1.9227257438573837,9.463591435510317,0.6151334433081707,0.31992781356018374,3.125705104760713,10.256525005966632,0.6666741253878311,1.4702982664778212,84.2418852945804,0.5013626450736333,0.006517714385957232,0.0300001085397043,0.34377592085188713
241022_459+2624_0p5agarose_LB_OD0p1_5s_2h_1019_SC70pc_corrected_spots.csv,122,60,57.658848103569504,3.747825126732018,11.75716213339959,0.7642155386709734,0.20390907068210637,4.90414671919621,12.833012988881288,0.8341458442772838,1.5905707773250182,91.1329925575662,0.9772686119249069,0.01270449195502379,0.040811852273219575,0.46766937787337526
241022_459+2624_0p5agarose_LB_OD0p1_5s_2h_1019_SC70pc_corrected_spots.csv,125,60,42.22118238156486,2.744376854801716,5.870041828419296,0.3815527188472543,0.1390307304842876,7.1926544334240825,9.763142264792519,0.6346042472115138,1.5462019659157766,88.59084692180477,0.7156132607044892,0.00930297238915836,0.0431082945086777,0.4939846674708431
241022_459+2624_0p5agarose_LB_OD0p1_5s_2h_1019_SC70pc_corrected_spots.csv,126,31,20.37659704850464,1.3244788081528016,14.05189515367762,0.9133731849890453,0.6896095123355661,1.4500960066707969,14.725818773425594,0.9571782202726636,1.1270159405258449,64.57325683609791,0.6792199016168213,0.008829858721018678,-0.002694104983268033,-0.030872169021284313
241022_459+2624_0p5agarose_LB_OD0p1_5s_2h_1019_SC70pc_corrected_spots.csv,128,60,58.82463703289518,3.823601407138187,4.307437824172864,0.2799834585712362,0.0732250642152558,13.656526091398888,5.5379010551605585,0.3599635685854363,1.5248360670338104,87.36667109036482,0.9970277463202574,0.012961360702163346,-0.011639385161148381,-0.13337752917219997
241022_459+2624_0p5agarose_LB_OD0p1_5s_2h_1019_SC70pc_corrected_spots.csv,131,60,37.04458288249352,2.407897887362079,8.331834169644482,0.5415692210268913,0.22491369915200013,4.446149806660664,10.791719527383759,0.7014617692799443,1.6139007032506414,92.46969884945726,0.6278742861439581,0.008162365719871455,0.0526746353627112,0.6036068587347819
241022_459+2624_0p5agarose_LB_OD0p1_5s_2h_1019_SC70pc_corrected_spots.csv,133,60,46.68207869764279,3.0343351153467815,4.166283361581549,0.2708084185028007,0.08924802574808918,11.204729646598487,6.70345045601606,0.4357242796410439,1.5556165027624433,89.13026014918917,0.7912216728414031,0.01028588174693824,0.001686682714219208,0.019327960180486197
241022_459+2624_0p5agarose_LB_OD0p1_5s_2h_1019_SC70pc_corrected_spots.csv,135,23,12.811547540202005,0.8327505901131304,4.129578730015244,0.2684226174509909,0.32233254546781565,3.1023860732047868,4.868567054100565,0.3164568585165367,1.295291251358108,74.21472194303865,0.582343070009182,0.007570459910119366,-0.13919125941199867,-1.595014341883624
241022_459+2624_0p5agarose_LB_OD0p1_5s_2h_1019_SC70pc_corrected_spots.csv,137,60,42.201436419656105,2.743093367277647,4.736075022935906,0.3078448764908339,0.11222544597391929,8.910635117746788,8.695760093277972,0.5652244060630682,1.4845166351471042,85.05653781089136,0.7152785833840017,0.009298621583992023,-0.01884089413174437,-0.2159007432003504
241022_459+2624_0p5agarose_LB_OD0p1_5s_2h_1019_SC70pc_corrected_spots.csv,139,60,54.18248656034598,3.521861626422489,3.065317223415598,0.19924561952201386,0.05657394885341018,17.675980204088614,10.392093734800406,0.6754860927620264,1.6869477126102301,96.65498419181431,0.9183472298363725,0.011938513987872842,0.026791014696908977,0.30700241420116897
241022_459+2624_0p5agarose_LB_OD0p1_5s_2h_1019_SC70pc_corrected_spots.csv,140,60,8.881749122911346,0.5773136929892375,0.8612928690875229,0.05598403649068899,0.0969733390538732,10.312112687431062,2.162950043234562,0.14059175281024655,1.4496117645892062,83.05663604347335,0.15053812072731096,0.0019569955694550426,0.0328065862112075,0.37593578602685435
241022_459+2624_0p5agarose_LB_OD0p1_5s_2h_1019_SC70pc_corrected_spots.csv,141,60,43.773595930051364,2.845283735453339,1.298371308022234,0.08439413502144522,0.029661061204498365,33.71423541138646,8.494019593534972,0.5521112735797732,1.321062715719516,75.69131808281915,0.7419253547466332,0.009645029611706232,-0.04330861027185019,-0.4962801170307882
241022_459+2624_0p5agarose_LB_OD0p1_5s_2h_1019_SC70pc_corrected_spots.csv,143,54,57.16542996630112,3.7157529478095728,7.283074460019232,0.47339983990125006,0.1274034755675342,7.84907943480646,15.150994136969281,0.9848146189030033,1.464239779037268,83.8947595340037,1.0785930182320964,0.014021709237017255,0.03226992670099588,0.3697861210327176
241022_459+2624_0p5agarose_LB_OD0p1_5s_2h_1019_SC70pc_corrected_spots.csv,144,60,44.33042268288884,2.8814774743877747,7.917362530955988,0.5146285645121392,0.17859885044615245,5.599140182044453,11.564542964131608,0.7516952926685545,1.6171435988271137,92.65550307939075,0.7513630963201496,0.009767720252161946,0.03497836372239224,0.4008225231133166
241022_459+2624_0p5agarose_LB_OD0p1_5s_2h_1019_SC70pc_corrected_spots.csv,146,23,14.894478399808296,0.9681410959875393,8.19767832366756,0.5328490910383914,0.5503837129182765,1.8169142300700396,8.875764994467312,0.5769247246403754,1.36389425457254,78.14538448914803,0.6770217454458316,0.008801282690795812,0.1013423353023514,1.161297619764877
241022_459+2624_0p5agarose_LB_OD0p1_5s_2h_1019_SC70pc_corrected_spots.csv,147,30,36.99065763892915,2.404392746530395,7.043637640227293,0.4578364466147741,0.1904166643637753,5.251641201368713,9.536527935537158,0.6198743158099154,1.4144317160909305,81.04096774145661,1.2755399185837637,0.01658201894158893,-0.026226027662343172,-0.30052813968912245
241022_459+2624_0p5agarose_LB_OD0p1_5s_2h_1019_SC70pc_corrected_spots.csv,148,60,39.06436065214883,2.5391834423896738,2.7913708916198128,0.18143910795528784,0.07145569119832162,13.994686542525368,7.65301686546161,0.4974460962550047,1.44790932492649,82.95909343592405,0.6621078076635395,0.008607401499626013,-0.005332752745399141,-0.061108845099634726
241022_459+2624_0p5agarose_LB_OD0p1_5s_2h_1019_SC70pc_corrected_spots.csv,149,60,47.32003199134874,3.0758020794376684,5.970445295531707,0.388078944209561,0.12617162424199652,7.925712346240429,9.581811234481416,0.6228177302412921,1.7384635001555069,99.60662139645127,0.8020344405313347,0.01042644772690735,-0.0417574660512918,-0.47850531357996706
241022_459+2624_0p5agarose_LB_OD0p1_5s_2h_1019_SC70pc_corrected_spots.csv,150,38,35.569043000759656,2.3119877950493777,12.270097286658013,0.7975563236327708,0.3449656288586667,2.8988395258639015,12.343864579593978,0.8023511976736086,1.3342861662129777,76.44896598669469,0.9613254865070178,0.012497231324591232,0.07292748332165377,0.8356874009682926
241022_459+2624_0p5agarose_LB_OD0p1_5s_2h_1019_SC70pc_corrected_spots.csv,151,60,59.0042041200367,3.8352732678023855,6.78933632601788,0.4413068611911622,0.1150652979270057,8.690717514453166,11.929624076943087,0.7754255650013007,1.5669841443740908,89.78157803655387,1.0000712562718084,0.01300092633153351,-0.010752144723663254,-0.12321050267595227
241022_459+2624_0p5agarose_LB_OD0p1_5s_2h_1019_SC70pc_corrected_spots.csv,152,60,37.581697098211606,2.4428103113837545,15.790985203703432,1.0264140382407232,0.42017754446897704,2.3799463183207616,17.15378473032823,1.114996007471335,1.329747957817842,76.18894579910257,0.6369779169188405,0.008280712919944927,-0.006556289628160073,-0.07512954499179361
241022_459+2624_0p5agarose_LB_OD0p1_5s_2h_1019_SC70pc_corrected_spots.csv,153,60,9.14153569496135,0.5941998201724877,0.2813264488326673,0.018286219174123375,0.0307745282871596,32.49440545989591,2.908622223078243,0.1890604445000858,1.653426017413134,94.73433253489675,0.15494128296544657,0.002014236678550806,0.013306214051345558,0.1524779812879546
241022_459+2624_0p5agarose_LB_OD0p1_5s_2h_1019_SC70pc_corrected_spots.csv,154,60,44.37750558241914,2.8845378628572442,11.295252028895717,0.7341913818782216,0.2545265192501156,3.9288636914777824,13.939241898648504,0.9060507234121528,1.4623746660385901,83.78789643086445,0.7521611115664261,0.00977809445036354,-0.012310586555983839,-0.1410689305976731
241022_459+2624_0p5agarose_LB_OD0p1_5s_2h_1019_SC70pc_corrected_spots.csv,155,55,34.58995494271865,2.2483470712767124,7.146430335454831,0.464517971804564,0.20660421059493714,4.840172410428624,7.554049017866021,0.49101318616129136,1.6373005712010713,93.81041252418032,0.6405547211614565,0.008327211375098936,-0.04677727853230078,-0.5360281274017489
241022_459+2624_0p5agarose_LB_OD0p1_5s_2h_1019_SC70pc_corrected_spots.csv,156,60,43.483378710006384,2.826419616150415,4.885616271985418,0.3175650576790522,0.11235594879983742,8.900285304710515,6.7892040364852795,0.4412982623715432,1.4865508258863063,85.17308835497224,0.7370064188136677,0.009581083444577681,0.042847885770339864,0.4910006031398261
241022_459+2624_0p5agarose_LB_OD0p1_5s_2h_1019_SC70pc_corrected_spots.csv,159,27,14.14462694339914,0.9194007513209442,3.186267935805434,0.2071074158273532,0.22526348333933024,4.439245922933854,4.495467291510655,0.2922053739481926,1.2780436835007725,73.22650909794783,0.5440241132076593,0.00707231347169957,0.09464171290486488,1.0845141430675151
241022_459+2624_0p5agarose_LB_OD0p1_5s_2h_1019_SC70pc_corrected_spots.csv,160,60,37.607756310940616,2.44450416021114,2.550253484338924,0.16576647648203008,0.06781190197185522,14.746673827480048,8.114620591256596,0.5274503384316788,1.4498037376861914,83.06763529171066,0.6374195984905189,0.008286454780376745,-0.03897534320364725,-0.44662453412857683
241022_459+2624_0p5agarose_LB_OD0p1_5s_2h_1019_SC70pc_corrected_spots.csv,161,50,37.53239949903282,2.4396059674371333,3.1113125835075772,0.20223531792799251,0.08289671390681412,12.063204352395926,4.835577287723338,0.314312523702017,1.4205811829957706,81.39330624135933,0.7659673367149553,0.00995757537729442,-0.01340405282268186,-0.15359913102201772
241022_459+2624_0p5agarose_LB_OD0p1_5s_2h_1019_SC70pc_corrected_spots.csv,162,11,8.005788003556502,0.5203762202311726,3.1842666828232233,0.20697733438350951,0.39774556625889174,2.5141700746177573,3.4536474321172563,0.22448708308762166,1.6650461035693647,95.40011442922714,0.8005788003556503,0.010407524404623454,0.09433868206470519,1.0810416654268244
241022_459+2624_0p5agarose_LB_OD0p1_5s_2h_1019_SC70pc_corrected_spots.csv,163,60,57.567819552917605,3.7419082709396445,7.854079081876686,0.5105151403219846,0.1364317624477169,7.329671493346118,12.665104738795476,0.8232318080217059,1.7272139940348763,98.96207217413256,0.9757257551341966,0.012684434816744555,0.020752558017217898,0.23780679769739313
241022_459+2624_0p5agarose_LB_OD0p1_5s_2h_1019_SC70pc_corrected_spots.csv,164,60,12.254869103818585,0.796566491748208,6.5154664174317665,0.42350531713306483,0.5316634851205032,1.880888998373373,7.333864553613814,0.4767011959848979,1.2930075098079283,74.0838731907147,0.20770964582743368,0.0027002253957566376,-0.033919271967075844,-0.38868622557397037
241022_459+2624_0p5agarose_LB_OD0p1_5s_2h_1019_SC70pc_corrected_spots.csv,165,60,48.354358620338004,3.1430333103219703,5.764133122098554,0.374668652936406,0.11920607131523693,8.388834469307604,8.222440514978636,0.5344586334736113,1.3909774763108393,79.69713879036954,0.819565400344712,0.010654350204481257,0.04479787611389482,0.5133458464952189
241022_459+2624_0p5agarose_LB_OD0p1_5s_2h_1019_SC70pc_corrected_spots.csv,166,14,15.47091054135934,1.005609185188357,6.323199936492428,0.41100799587200787,0.4087154353060363,2.4466900772935674,6.323199936492428,0.41100799587200787,1.8945103598514343,108.54744786329803,1.1900700416430263,0.015470910541359342,0.0153492537895741,0.1758894921635562
241022_459+2624_0p5agarose_LB_OD0p1_5s_2h_1019_SC70pc_corrected_spots.csv,168,60,56.55171865652743,3.675861712674283,21.43219239330419,1.3930925055647725,0.3789839266154717,2.6386343318845538,21.65595983940656,1.4076373895614265,1.3914085898918915,79.7218397790546,0.9585037060428377,0.01246054817855689,-0.0014062311078285848,-0.016114221499716818
241022_459+2624_0p5agarose_LB_OD0p1_5s_2h_1019_SC70pc_corrected_spots.csv,169,19,11.730337632158905,0.7624719460903289,4.867117919099527,0.31636266474146923,0.41491712103462786,2.4101198752811714,6.437237630872027,0.41842044600668177,1.5343467213403983,87.91159144254023,0.6516854240088281,0.008471910512114766,-0.1292674153043098,-1.4812954651003554
241022_459+2624_0p5agarose_LB_OD0p1_5s_2h_1019_SC70pc_corrected_spots.csv,170,53,40.229061135183734,2.6148889737869427,2.747825766634693,0.17860867483125503,0.06830449652804563,14.64032458813898,7.1179434125569285,0.4626663218162004,1.4408580351221931,82.55508429001421,0.7736357910612255,0.01005726528379593,0.04238313124870254,0.48567490861993806
241022_459+2624_0p5agarose_LB_OD0p1_5s_2h_1019_SC70pc_corrected_spots.csv,171,60,65.91657903971503,4.284577637581477,2.4649386776120408,0.16022101404478264,0.03739482105293881,26.74167095449736,11.525323322667273,0.7491460159733727,1.4539735602618178,83.30654852661243,1.1172301532155091,0.014523991991801618,-0.0013877405481769326,-0.015902335293941906
241022_459+2624_0p5agarose_LB_OD0p1_5s_2h_1019_SC70pc_corrected_spots.csv,172,60,54.302952864562954,3.529691936196592,11.498862472931302,0.7474260607405346,0.21175390777754988,4.722463025572649,16.53442253941989,1.074737465062293,1.3295357588664474,76.17678769477055,0.9203890316027621,0.011965057410835908,0.00041583802583469086,0.004765152768275976
241022_459+2624_0p5agarose_LB_OD0p1_5s_2h_1019_SC70pc_corrected_spots.csv,173,18,22.98936793577078,1.4943089158251008,7.537138608472418,0.4899140095507072,0.3278532332654893,3.0501453044698783,8.93071437936956,0.5804964346590215,1.8100298145885472,103.70706916877067,1.3523157609276932,0.017580104892060015,0.16547886227370703,1.8962480813820068
241022_459+2624_0p5agarose_LB_OD0p1_5s_2h_1019_SC70pc_corrected_spots.csv,174,31,22.318876425942534,1.4507269676862649,5.798066263738936,0.37687430714303083,0.2597830712033293,3.849365531664345,7.359891709800059,0.47839296113700386,1.3471905041185885,77.18833008609687,0.7439625475314178,0.009671513117908431,0.029662045060486236,0.33990199873854643
241022_459+2624_0p5agarose_LB_OD0p1_5s_2h_1019_SC70pc_corrected_spots.csv,176,60,52.20814916325061,3.39352969561129,17.49571128362425,1.1372212334355762,0.33511456667265854,2.9840541099987594,18.958893118532657,1.2323280527046228,1.5960189087859251,91.44514749650861,0.8848838841228917,0.011503490493597592,-0.04586793603665392,-0.5256078299752572
241022_459+2624_0p5agarose_LB_OD0p1_5s_2h_1019_SC70pc_corrected_spots.csv,177,60,49.965369421785276,3.247749012416043,5.78460440880376,0.3759992865722444,0.11577227339145077,8.637646741364286,9.023239096036644,0.5865105412423819,1.6089961784911333,92.18869028022003,0.8468706681658522,0.011009318686156079,0.04592255149557705,0.5262336770337503
241022_459+2624_0p5agarose_LB_OD0p1_5s_2h_1019_SC70pc_corrected_spots.csv,178,60,58.32956132243806,3.791421485958474,7.832735517080922,0.50912780861026,0.13428414922894072,7.446895301805893,13.128782473485424,0.8533708607765527,1.5219936841783315,87.20381454898553,0.9886366325836958,0.012852276223588047,-0.038531487918586384,-0.44153832721886416
241022_459+2624_0p5agarose_LB_OD0p1_5s_2h_1019_SC70pc_corrected_spots.csv,179,60,54.599873995902634,3.5489918097336712,6.845897300968596,0.44498332456295875,0.125383023804823,7.97556136113487,12.502469007297302,0.8126604854743247,1.6250658812425778,93.10941642590755,0.9254215931508921,0.012030480710961598,-0.015422538650733685,-0.17672927481288547
241022_459+2624_0p5agarose_LB_OD0p1_5s_2h_1019_SC70pc_corrected_spots.csv,180,60,57.731768574086246,3.752564957315606,3.5074059096032584,0.2279813841242118,0.060753481076926664,16.4599621663455,9.76765513862122,0.6348975840103793,1.4473218434860802,82.92543322884629,0.9785045521031567,0.012720559177341037,-0.018287243480765263,-0.20955637407519573
241022_459+2624_0p5agarose_LB_OD0p1_5s_2h_1019_SC70pc_corrected_spots.csv,181,60,28.061108012952587,1.8239720208419183,2.2248384036384214,0.1446144962364974,0.07928547948325737,12.612649964627746,6.3259061586613,0.4111839003129845,1.437375274792052,82.35553682204153,0.47561200021953537,0.00618295600285396,0.020856645970042702,0.23899955777639673
241022_459+2624_0p5agarose_LB_OD0p1_5s_2h_1019_SC70pc_corrected_spots.csv,182,60,43.32097464955154,2.81586335222085,18.263281757394864,1.1871133142306662,0.4215805831964108,2.372025752272629,18.868843569978214,1.2264748320485839,1.3284913986424818,76.11695026164598,0.7342538076195176,0.009545299499053729,-0.01257020443440613,-0.14404393234162066
241022_459+2624_0p5agarose_LB_OD0p1_5s_2h_1019_SC70pc_corrected_spots.csv,183,31,18.062117916245718,1.1740376645559718,4.602344310605646,0.29915238018936696,0.2548064591288119,3.924547295304126,6.55971132685575,0.42638123624562374,1.3238140754166146,75.84895938138528,0.6020705972081905,0.007826917763706476,0.013258127435395856,0.15192694925895772
241022_459+2624_0p5agarose_LB_OD0p1_5s_2h_1019_SC70pc_corrected_spots.csv,184,60,55.24915460926753,3.5911950496023892,4.721207998074063,0.3068785198748141,0.08545303600504549,11.702334366925898,9.514418409854175,0.6184371966405213,1.6547247200810415,94.80874271661023,0.9364263493096191,0.012173542541025048,-0.003766334948862543,-0.04315901936048889
241022_459+2624_0p5agarose_LB_OD0p1_5s_2h_1019_SC70pc_corrected_spots.csv,185,60,52.117780844787056,3.3876557549111586,3.170423480270318,0.2060775262175707,0.060831897077740435,16.43874427789166,6.579695679977466,0.4276802191985353,1.6345910982782965,93.65517116100035,0.8833522177082553,0.011483578830207319,-0.028967495315371787,-0.33194304492715737
241022_459+2624_0p5agarose_LB_OD0p1_5s_2h_1019_SC70pc_corrected_spots.csv,186,60,56.395693446686806,3.6657200740346427,8.017550689253392,0.5211407948014705,0.14216600948142816,7.034030171119313,12.385680122869816,0.8050692079865381,1.673293298874854,95.87264391305179,0.9558592109607932,0.012426169742490311,0.022334028948142536,0.2559291196503145
241022_459+2624_0p5agarose_LB_OD0p1_5s_2h_1019_SC70pc_corrected_spots.csv,187,60,18.739578075801308,1.218072574927085,1.753089537793262,0.11395081995656203,0.09355010719569254,10.689458622512882,2.1318038828871697,0.13856725238766604,1.633336644148653,93.58329623377902,0.31761996738646286,0.004129059576024018,-0.0003262414214048925,-0.0037384513097698593
241022_459+2624_0p5agarose_LB_OD0p1_5s_2h_1019_SC70pc_corrected_spots.csv,189,10,7.365183027536423,0.4787368967898675,2.221030269631349,0.1443669675260377,0.30155805515321465,3.316111053614281,2.7067984785459744,0.17594190110548835,1.3877860169240557,79.51428163701942,0.8183536697262693,0.010638597706441502,0.07218648041171978,0.8271961330990665
241022_459+2624_0p5agarose_LB_OD0p1_5s_2h_1019_SC70pc_corrected_spots.csv,190,60,51.9325216978716,3.375613910361654,12.057152490831534,0.7837149119040497,0.23216959424725342,4.307196225424036,14.540351942109742,0.9451228762371333,1.9503885444007272,111.74903200482564,0.8802122321673153,0.011442759018175099,0.021740541640901792,0.2491282560704188
241022_459+2624_0p5agarose_LB_OD0p1_5s_2h_1019_SC70pc_corrected_spots.csv,191,60,40.49273057283765,2.6320274872344473,3.5733498661720415,0.23226774130118272,0.0882467004724307,11.33186843979976,5.209487084839741,0.33861666051458317,1.4422280445008857,82.63358004530663,0.6863174673362312,0.008922127075371006,0.03450503528244698,0.39539857872684164
241022_459+2624_0p5agarose_LB_OD0p1_5s_2h_1019_SC70pc_corrected_spots.csv,195,9,5.120422672988875,0.3328274737442769,0.951447326245524,0.06184407620595906,0.18581421632721357,5.381719546361449,1.9284512078777343,0.12534932851205274,2.337451290651591,133.92609377174327,0.6400528341236095,0.008320686843606925,0.09606990916896667,1.1008800667173921
241022_459+2624_0p5agarose_LB_OD0p1_5s_2h_1019_SC70pc_corrected_spots.csv,198,51,29.96143004860386,1.9474929531592509,2.623963972343648,0.17055765820233712,0.0875780617976851,11.418384689879407,4.830513635071976,0.3139833862796785,1.5693686860701037,89.91820221180838,0.5900877860277709,0.007671141218361021,0.004858862381890927,0.05567846154344651
241022_459+2624_0p5agarose_LB_OD0p1_5s_2h_1019_SC70pc_corrected_spots.csv,200,54,34.08847902718207,2.2157511367668343,4.200298423609238,0.2730193975346005,0.12321753693557085,8.115727881518112,5.943763825604356,0.38634464866428314,1.4585968297783305,83.57144235746009,0.643178849569473,0.008361325044403149,0.011922272055846289,0.13661917420135034
241022_459+2624_0p5agarose_LB_OD0p1_5s_2h_1019_SC70pc_corrected_spots.csv,203,24,10.217921200088494,0.6641648780057521,4.7100481195582,0.306153127771283,0.4609595266322281,2.1693878577713828,4.7100481195582,0.306153127771283,1.6243990802704857,93.07121154443146,0.4442574434821085,0.005775346765267411,-0.06975688888951075,-0.799355065066398
241022_459+2624_0p5agarose_LB_OD0p1_5s_2h_1019_SC70pc_corrected_spots.csv,204,53,59.59974660718121,3.873983529466779,12.671718989181205,0.8236617342967784,0.2126136386568862,4.703367132593926,15.449463627367557,1.0042151357788913,1.461134304627078,83.71682895691391,1.1461489732150232,0.0148999366517953,0.05358261286554179,0.6140115144957862
241022_459+2624_0p5agarose_LB_OD0p1_5s_2h_1019_SC70pc_corrected_spots.csv,206,6,2.7505285802272894,0.17878435771477383,0.5707609468043489,0.03709946154228268,0.20750954958525977,4.819055325399029,1.1577961892842363,0.07525675230347537,1.7471924374950771,100.1067526656428,0.5501057160454579,0.007151374308590952,0.20491116506938326,2.34810898671684
241022_459+2624_0p5agarose_LB_OD0p1_5s_2h_1019_SC70pc_corrected_spots.csv,207,7,7.118686658627009,0.4627146328107556,0.9078924319117648,0.05901300807426472,0.12753650714651224,7.840892167849738,3.239388635893647,0.21056026133308706,1.454120865640604,83.31498850311645,1.186447776437835,0.015423821093691855,0.6279953415279979,7.1962965246862
241022_459+2624_0p5agarose_LB_OD0p1_5s_2h_1019_SC70pc_corrected_spots.csv,209,13,9.324159321718751,0.6060703559117189,2.8401516422911484,0.18460985674892466,0.30460136343612093,3.28297939549346,3.8331130322700564,0.24915234709755368,1.602746824985875,91.83062869968343,0.777013276809896,0.010101172598528647,0.0656716415781764,0.7525415792250729
241022_459+2624_0p5agarose_LB_OD0p1_5s_2h_1019_SC70pc_corrected_spots.csv,210,23,15.83917621499471,1.0295464539746562,3.7452475867960247,0.24344109314174162,0.2364546953679608,4.229139956150341,5.756460118260974,0.37416990768696334,1.343129698187625,76.95566304483097,0.7199625552270322,0.009359513217951419,0.09921631974096523,1.1369352759955642
241022_459+2624_0p5agarose_LB_OD0p1_5s_2h_1019_SC70pc_corrected_spots.csv,212,30,18.332023241293598,1.191581510684084,0.35450593431133803,0.023042885730236974,0.01933806921610265,51.71147071742345,4.469425201217009,0.29051263807910555,1.9438233424203535,111.37287363969929,0.6321387324583999,0.008217803521959199,-0.05748584887534029,-0.6587393044567738
241022_459+2624_0p5agarose_LB_OD0p1_5s_2h_1019_SC70pc_corrected_spots.csv,213,49,26.18054091837666,1.701735159694483,5.418654435329488,0.35221253829641674,0.20697259282087724,4.831557581468973,5.527477814669924,0.35928605795354507,1.6788275800037622,96.18973486437713,0.5454279357995137,0.007090563165393677,-0.00012301257837840277,-0.0014096203136209446
241022_459+2624_0p5agarose_LB_OD0p1_5s_2h_1019_SC70pc_corrected_spots.csv,214,8,3.4302869827966256,0.22296865388178067,1.2424525852479613,0.08075941804111748,0.3622007696379448,2.7608997103998374,1.8447788594957235,0.11991062586722204,1.09318577149827,62.63493093060367,0.49004099754237507,0.006370532968050876,-0.43511716918096893,-4.986075477549867
241022_459+2624_0p5agarose_LB_OD0p1_5s_2h_1019_SC70pc_corrected_spots.csv,216,29,15.193279914924089,0.9875631944700658,1.393028559062031,0.09054685633903202,0.09168715161323947,10.906653575827757,4.154675456399967,0.2700539046659979,1.9286752854904308,110.50495390979083,0.5426171398187175,0.007054022817643328,0.024273085271892016,0.27814906836811415
241022_459+2624_0p5agarose_LB_OD0p1_5s_2h_1019_SC70pc_corrected_spots.csv,217,6,3.980057640113645,0.25870374660738693,0.6586882221398868,0.04281473443909264,0.16549715649873825,6.0423998886508,2.0108018571440045,0.1307021207143603,1.5507918450997662,88.85382762752232,0.796011528022729,0.010348149864295478,-0.4507766555021286,-5.165519972658926
241022_459+2624_0p5agarose_LB_OD0p1_5s_2h_1019_SC70pc_corrected_spots.csv,219,48,34.360891417912,2.23345794216428,5.462556573043454,0.3550661772478245,0.15897598541916394,6.29025822587827,7.6824956814024095,0.49936221929115665,1.5377657416860095,88.10748687841311,0.7310827961257872,0.009504076349635234,0.04898551303654837,0.561332630855459
241022_459+2624_0p5agarose_LB_OD0p1_5s_2h_1019_SC70pc_corrected_spots.csv,224,11,12.922471756994018,0.8399606642046111,1.5534137595501816,0.1009718943707618,0.12021026540138723,8.318757109976898,3.742710076414425,0.24327615496693764,2.0047865816389567,114.86580995237168,1.2922471756994018,0.016799213284092222,-0.3636129815540098,-4.166697843842603
241022_459+2624_0p5agarose_LB_OD0p1_5s_2h_1019_SC70pc_corrected_spots.csv,226,8,2.752082585701941,0.17888536807062616,0.6727209500709479,0.043726861754611615,0.24444068414442766,4.090972022517947,1.1701011038318376,0.07605657174906945,1.5125149427000961,86.66072266718704,0.3931546551002772,0.005111010516303604,-0.28872684941887605,-3.308565980762169
241022_459+2624_0p5agarose_LB_OD0p1_5s_2h_1019_SC70pc_corrected_spots.csv,227,21,17.273397515876585,1.1227708385319781,4.681391978528919,0.30429047860437974,0.27101744021267893,3.6897994432212826,5.945226761101616,0.3864397394716051,1.4275894715267512,81.79485159579446,0.8636698757938293,0.01122770838531978,-0.0031731108726234464,-0.03636117218567945
241022_459+2624_0p5agarose_LB_OD0p1_5s_2h_1019_SC70pc_corrected_spots.csv,228,43,40.51303811440589,2.633347477436383,1.0396808063610772,0.06757925241347001,0.02566286940577238,38.96680391379262,9.822276180236155,0.6384479517153501,1.210074174188804,69.33214307879688,0.9645961455810925,0.012539749892554203,-0.01697914337028316,-0.1945666509729515
241022_459+2624_0p5agarose_LB_OD0p1_5s_2h_1019_SC70pc_corrected_spots.csv,229,42,41.68876868050236,2.709769964232654,4.396382507682706,0.28576486299937587,0.10545724056702285,9.482516275062732,7.533846323397505,0.4897000110208378,1.5873398056556742,90.94787151718646,1.0167992361098137,0.01321839006942758,-0.002103286089362112,-0.024101883205804947
241022_459+2624_0p5agarose_LB_OD0p1_5s_2h_1019_SC70pc_corrected_spots.csv,230,42,35.01757595587692,2.276142437132,3.778542764934514,0.24560527972074342,0.10790417845300253,9.267481707722267,7.302969852461496,0.47469304040999727,1.4017529516067015,80.31452804706993,0.8540872184360224,0.011103133839668291,-0.007639243654677249,-0.08753928401702017
241022_459+2624_0p5agarose_LB_OD0p1_5s_2h_1019_SC70pc_corrected_spots.csv,232,6,9.077362451353787,0.5900285593379961,1.6755318453090093,0.1089095699450856,0.18458355654390804,5.4176006721493835,4.006820139225624,0.26044330904966556,2.3096354306984597,132.33236239290187,1.8154724902707575,0.02360114237351985,-0.666096153664206,-7.632899670971311
241022_459+2624_0p5agarose_LB_OD0p1_5s_2h_1019_SC70pc_corrected_spots.csv,235,13,10.17506418152394,0.6613791717990561,0.3131393900668702,0.020354060354346563,0.030775175908519005,32.493721659709045,4.384464623114503,0.28499020050244267,1.3473605352236033,77.19807215080016,0.8479220151269948,0.011022986196650934,0.026967563114612014,0.3090255100439883
241022_459+2624_0p5agarose_LB_OD0p1_5s_2h_1019_SC70pc_corrected_spots.csv,238,39,34.267632875435076,2.22739613690328,8.488760187341345,0.5517694121771874,0.2477194797259123,4.036824238071402,9.731919458696634,0.6325747648152812,1.3860436808803032,79.41445313521889,0.9017798125114493,0.011723137562648842,0.07873887250876763,0.9022810156742098
241022_459+2624_0p5agarose_LB_OD0p1_5s_2h_1019_SC70pc_corrected_spots.csv,239,6,2.5430551134922994,0.16529858237699946,0.9694291120646483,0.06301289228420215,0.3812064893604925,2.623250201426498,1.2721167953358297,0.08268759169682893,1.5947191662788869,91.37067773640157,0.5086110226984599,0.006611943295079979,0.9773082759360929,11.199127898869
241022_459+2624_0p5agarose_LB_OD0p1_5s_2h_1019_SC70pc_corrected_spots.csv,240,36,25.152950932141273,1.6349418105891829,2.0349206862964633,0.1322698446092701,0.08090186681421042,12.360654202164218,5.782897752895038,0.3758883539381775,1.5014440450642483,86.02640695723161,0.7024519234682945,0.009131875005087829,0.015598204919028434,0.17874226196810586
241022_459+2624_0p5agarose_LB_OD0p1_5s_2h_1019_SC70pc_corrected_spots.csv,242,37,25.920199059810137,1.684812938887659,8.674690679388531,0.5638548941602546,0.3346691381255184,2.988025742681262,8.741234168447896,0.5681802209491132,1.3405841971536387,76.80981657883737,0.7200055294391705,0.009360071882709218,0.07326995136578962,0.8396117956777094
241022_459+2624_0p5agarose_LB_OD0p1_5s_2h_1019_SC70pc_corrected_spots.csv,243,7,8.44716507821562,0.5490657300840154,5.8331287990470715,0.37915337193805965,0.6905427732305265,1.4481362180097224,6.639524944401435,0.43156912138609327,1.9538623345294028,111.94806551811295,1.4078608463692701,0.018302191002800512,0.49529962391424487,5.675715608940634
241022_459+2624_0p5agarose_LB_OD0p1_5s_2h_1019_SC70pc_corrected_spots.csv,244,36,29.689399071176425,1.9298109396264678,2.84141946540612,0.1846922652513978,0.09570484935024084,10.44879132864424,6.481583759749239,0.4213029443837006,1.3888891358616906,79.57748569644686,0.848268544890755,0.011027491083579815,0.018657748567574215,0.21380204962765195
241022_459+2624_0p5agarose_LB_OD0p1_5s_2h_1019_SC70pc_corrected_spots.csv,247,35,23.97765173945703,1.558547363064707,1.9816226831494304,0.128805474404713,0.08264456856250527,12.100008716769883,5.702725588034998,0.37067716322227484,1.365179102439514,78.21900084924201,0.7052250511605009,0.009167925665086512,0.002480876174932839,0.028428746863642197
241022_459+2624_0p5agarose_LB_OD0p1_5s_2h_1019_SC70pc_corrected_spots.csv,248,34,10.541516306296948,0.6851985599093017,1.9691048913173963,0.12799181793563078,0.18679522320153852,5.353455954925959,2.188063159576814,0.14222410537249291,1.5536063460653737,89.01508665428713,0.31943988806960444,0.004152718544904858,0.04642698382146649,0.5320140456984368
241022_459+2624_0p5agarose_LB_OD0p1_5s_2h_1019_SC70pc_corrected_spots.csv,249,23,14.607671501509184,0.949498647598097,0.910597904102213,0.05918886376664385,0.06233696479333719,16.041846171292637,3.4017345697041073,0.22111274703076697,1.783091067136277,102.16359263438679,0.6639850682504175,0.008631805887255426,-0.06274909056434079,-0.7190516115241808
241022_459+2624_0p5agarose_LB_OD0p1_5s_2h_1019_SC70pc_corrected_spots.csv,255,8,2.6017495431110227,0.16911372030221647,0.08939345396764552,0.005810574507896959,0.034358977482803345,29.104474965836793,0.7818558083369769,0.0508206275419035,1.906602178922925,109.24025806273025,0.37167850615871745,0.004831820580063327,0.03223446764126194,0.3693797901390662
241022_459+2624_0p5agarose_LB_OD0p1_5s_2h_1019_SC70pc_corrected_spots.csv,258,30,37.23966876963931,2.4205784700265554,1.2960974278583854,0.08424633281079506,0.03480421471726584,28.73215235923468,7.867687296039501,0.5113996742425676,1.7930058444130166,102.73166752715619,1.2841265092979073,0.016693644620872795,0.019965463975961602,0.22878736436861677
241022_459+2624_0p5agarose_LB_OD0p1_5s_2h_1019_SC70pc_corrected_spots.csv,259,29,18.768859478143206,1.2199758660793085,1.6948995213826037,0.11016846888986924,0.09030381006136018,11.073729882720496,3.629951916104136,0.23594687454676883,1.6862200279791022,96.61329093363415,0.6703164099336859,0.008714113329137917,0.009374895025474493,0.10742838366757576
241022_459+2624_0p5agarose_LB_OD0p1_5s_2h_1019_SC70pc_corrected_spots.csv,261,19,11.034003589614231,0.7172102333249251,3.136091326791107,0.20384593624142197,0.284220618683046,3.5183935797253647,4.0838296369179234,0.26544892639966505,1.6932954378738985,97.01868205893108,0.613000199423013,0.007969002592499169,-0.003890913242931504,-0.04458658145430712
241022_459+2624_0p5agarose_LB_OD0p1_5s_2h_1019_SC70pc_corrected_spots.csv,265,28,23.8087642485081,1.5475696761530267,1.6902076161088866,0.10986349504707764,0.07099098459991673,14.086295684384309,3.901617111786799,0.2536051122661419,1.588481268658731,91.01327252973194,0.8818060832780779,0.011463479082615012,0.03004861814712049,0.34433180000604396
241022_459+2624_0p5agarose_LB_OD0p1_5s_2h_1019_SC70pc_corrected_spots.csv,267,14,13.720361671103944,0.8918235086217564,1.3087343516155956,0.08506773285501372,0.09538628667288582,10.483687277075402,3.61862838134233,0.23521084478725146,2.1704864559400763,124.35971341567408,1.055412436238765,0.013720361671103945,-0.0771433608625232,-0.8839977989754546
241022_459+2624_0p5agarose_LB_OD0p1_5s_2h_1019_SC70pc_corrected_spots.csv,268,15,7.984877786800627,0.5190170561420407,1.9580770980707307,0.1272750113745975,0.24522317690416287,4.0779179709869595,3.3344364492047958,0.21673836919831174,0.9926029758817632,56.871961250150875,0.570348413342902,0.007414529373457726,0.022645243570894442,0.2594953765316026
241022_459+2624_0p5agarose_LB_OD0p1_5s_2h_1019_SC70pc_corrected_spots.csv,270,27,18.346073586734047,1.192494783137713,4.759305955724031,0.309354887122062,0.2594182310031429,3.8547791962542712,6.015851465637167,0.39103034526641584,1.4395199520097504,82.4784177750335,0.7056182148743864,0.009173036793367024,-0.003746367593989238,-0.04293021032803282
241022_459+2624_0p5agarose_LB_OD0p1_5s_2h_1019_SC70pc_corrected_spots.csv,271,17,12.575887107985936,0.8174326620190859,0.7473217524376254,0.04857591390844566,0.059424973047274045,16.82794200351551,2.4959905775485143,0.16223938754065342,1.969661378669654,112.85328406769024,0.7859929442491211,0.010217908275238576,-0.04499884512908957,-0.5156487817719309
241022_459+2624_0p5agarose_LB_OD0p1_5s_2h_1019_SC70pc_corrected_spots.csv,272,14,9.507606487823226,0.6179944217085097,2.3486968792216625,0.15266529714940807,0.24703345497415496,4.048034708920788,2.3815838418983066,0.15480294972338993,1.6150325991743397,92.53455170873323,0.7313543452171712,0.009507606487823226,-0.19261053360959154,-2.207154133118458
241022_459+2624_0p5agarose_LB_OD0p1_5s_2h_1019_SC70pc_corrected_spots.csv,273,8,4.542527435647573,0.29526428331709226,0.8545624194849131,0.05554655726651935,0.18812487796523095,5.315618066127431,1.3445225002726766,0.08739396251772398,2.0791739695638074,119.12789332946805,0.648932490806796,0.00843612238048835,0.4330930929311932,4.962881272244903
241022_459+2624_0p5agarose_LB_OD0p1_5s_2h_1019_SC70pc_corrected_spots.csv,274,9,6.189154834745814,0.40229506425847794,1.9913891867142814,0.1294402971364283,0.32175462399723065,3.107958442296099,2.796952918866202,0.18180193972630312,1.5784461580349078,90.43830304403997,0.7736443543432266,0.010057376606461946,0.38302448079234236,4.389137239918177
241022_459+2624_0p5agarose_LB_OD0p1_5s_2h_1019_SC70pc_corrected_spots.csv,275,7,5.092121968387031,0.330987927945157,0.9248095684401063,0.06011262194860691,0.18161575354665885,5.506130280394924,2.9343559571913493,0.1907331372174377,0.9378055548860246,53.732300298893485,0.8486869947311718,0.011032930931505234,0.2177617628929977,2.4953659906194616
241022_459+2624_0p5agarose_LB_OD0p1_5s_2h_1019_SC70pc_corrected_spots.csv,277,7,4.600056465294685,0.29900367024415453,3.0373551470982467,0.19742808456138605,0.6602864921362808,1.5144941050734135,3.057004099253295,0.1987052664514642,1.3214088983104137,75.71115288421849,0.7666760775491142,0.009966789008138483,0.1727155913538061,1.9791748881358604
241022_459+2624_0p5agarose_LB_OD0p1_5s_2h_1019_SC70pc_corrected_spots.csv,279,15,9.825160374763744,0.6386354243596434,5.897072744326936,0.3833097283812508,0.6002011691812956,1.6661080506791581,6.836178668317836,0.4443516134406594,1.3699552350809086,78.4926530919886,0.7017971696259817,0.009123363205137762,0.25522179387454696,2.9246263257538776
241022_459+2624_0p5agarose_LB_OD0p1_5s_2h_1019_SC70pc_corrected_spots.csv,281,22,22.852811534948543,1.4854327497716553,17.088468135616374,1.1107504288150643,0.7477621783859363,1.337323588842813,17.088468135616374,1.1107504288150643,1.2218567825432802,70.00723680916396,1.0882291207118353,0.01414697856925386,0.15909117354400668,1.8230505603709843
241022_459+2624_0p5agarose_LB_OD0p1_5s_2h_1019_SC70pc_corrected_spots.csv,282,21,17.346927188679782,1.127550267264186,3.3833765248694747,0.21991947411651586,0.19504183582884874,5.127105145162346,4.739625070055249,0.3080756295535912,1.168202829208245,66.93309172887457,0.8673463594339891,0.011275502672641859,0.11412770604039243,1.3078071763248398
241022_459+2624_0p5agarose_LB_OD0p1_5s_2h_1019_SC70pc_corrected_spots.csv,283,21,11.081015034451884,0.7202659772393725,1.0072075622693064,0.06546849154750492,0.09089488274655404,11.001719456400437,3.140256668167379,0.20411668343087966,1.4305011537638623,81.96167869926413,0.5540507517225942,0.0072026597723937255,-0.014309091648569947,-0.16397011202579026
241022_459+2624_0p5agarose_LB_OD0p1_5s_2h_1019_SC70pc_corrected_spots.csv,284,18,11.359252809686483,0.7383514326296214,3.2639365867429557,0.21215587813829212,0.2873372607712074,3.480230852469395,5.147154783561187,0.33456506093147714,1.5846298901105813,90.79260479361574,0.598776797199299,0.007784098363590887,0.2156726998273908,2.4714270912602743
241022_459+2624_0p5agarose_LB_OD0p1_5s_2h_1019_SC70pc_corrected_spots.csv,285,19,12.665886304106293,0.823282609766909,3.81088303063288,0.2477073969911372,0.3008777229744584,3.323609305847114,6.530314895049803,0.4244704681782372,1.2449800395435862,71.33210184387782,0.7036603502281273,0.009147584552965656,0.056707981535416147,0.6498256013370294
241022_459+2624_0p5agarose_LB_OD0p1_5s_2h_1019_SC70pc_corrected_spots.csv,286,11,7.996041144672778,0.5197426744037306,1.9313882416563055,0.12554023570765988,0.24154305946050053,4.140048578640819,3.62071544083049,0.23534650365398185,1.4261046269864919,81.70977627040455,0.7996041144672777,0.010394853488074611,-0.2384495855427627,-2.732430975648799
241022_459+2624_0p5agarose_LB_OD0p1_5s_2h_1019_SC70pc_corrected_spots.csv,288,19,9.886666086680904,0.6426332956342587,4.07053653752114,0.2645848749388741,0.41171983577000504,2.428836099503887,4.07053653752114,0.2645848749388741,1.5412411654508684,88.30661399215899,0.549259227037828,0.007140369951491765,-0.030745994390849032,-0.3523231431057104
241022_459+2624_0p5agarose_LB_OD0p1_5s_2h_1019_SC70pc_corrected_spots.csv,290,18,10.324533484435149,0.6710946764882847,0.8286669674284992,0.053863352882852454,0.0802619284133045,12.459207245190441,2.7889990901941233,0.181284940862618,1.442001362688591,82.62059213416977,0.6073254990844205,0.007895231488097466,-0.02385469451991167,-0.2733546635129584
241022_459+2624_0p5agarose_LB_OD0p1_5s_2h_1019_SC70pc_corrected_spots.csv,291,18,12.165331115562699,0.7907465225115755,1.839974172150082,0.11959832118975533,0.15124735649786505,6.611685804995313,4.965906062863163,0.3227838940861056,1.237766740665462,70.91881026179486,0.7156077126801588,0.009302900264842064,0.04645884998424984,0.5323792050257894
241022_459+2624_0p5agarose_LB_OD0p1_5s_2h_1019_SC70pc_corrected_spots.csv,292,8,2.8864080931924145,0.18761652605750695,0.8715625128775542,0.05665156333704102,0.3019540150726198,3.3117625535116675,1.8047540621661322,0.1173090140407986,0.9160944258506202,52.488344236700875,0.41234401331320203,0.005360472173071626,0.03346682634385101,0.38350158063998047
241022_459+2624_0p5agarose_LB_OD0p1_5s_2h_1019_SC70pc_corrected_spots.csv,293,9,5.048352373583367,0.32814290428291887,0.19143599385857124,0.012443339600807131,0.03792048963545074,26.370967506314308,2.0223090002555195,0.13145008501660876,2.0304213354513934,116.3345731546812,0.6310440466979208,0.008203572607072971,-0.04015400810186779,-0.46013103895422763
241022_459+2624_0p5agarose_LB_OD0p1_5s_2h_1019_SC70pc_corrected_spots.csv,295,14,8.759444766142165,0.5693639097992408,2.70074287599098,0.1755482869394137,0.30832352370439586,3.243346430351343,3.2735465886078425,0.21278052825950977,1.844491540058996,105.68158059296589,0.6738034435493971,0.008759444766142164,0.09581541354938587,1.0979637617360827
241022_459+2624_0p5agarose_LB_OD0p1_5s_2h_1019_SC70pc_corrected_spots.csv,301,12,7.442589873675344,0.4837683417888974,1.1692376478434792,0.07600044710982615,0.15710091079707436,6.365335470853442,2.8322731555938567,0.1840977551136007,1.6333316261443678,93.5830087233119,0.6765990794250313,0.008795788032525408,0.18241626078456077,2.090336371502624
241022_459+2624_0p5agarose_LB_OD0p1_5s_2h_1019_SC70pc_corrected_spots.csv,302,12,5.936116812365135,0.3858475928037338,1.075866781333116,0.06993134078665254,0.18124083729148466,5.517520305822289,2.4786693739218504,0.16111350930492027,1.575250795476801,90.25522225544633,0.5396469829422851,0.007015410778249706,-0.08601885796283357,-0.9857035039611315
241022_459+2624_0p5agarose_LB_OD0p1_5s_2h_1019_SC70pc_corrected_spots.csv,303,7,2.746622771789054,0.1785304801662885,1.111285546240319,0.07223356050562074,0.40460071825461,2.4715724784519857,1.4669458747750457,0.09535148186037798,1.2995636562373842,74.45951271099227,0.45777046196484233,0.005951016005542951,0.06242629776989839,0.7153526785684241
241022_459+2624_0p5agarose_LB_OD0p1_5s_2h_1019_SC70pc_corrected_spots.csv,306,11,11.294479872742402,0.7341411917282561,4.26676665637285,0.27733983266423523,0.37777451502393444,2.6470816855833794,5.846062925417397,0.3799940901521308,1.647763183624592,94.40987605872921,1.12944798727424,0.01468282383456512,-0.149144014254605,-1.7090645112855711
241022_459+2624_0p5agarose_LB_OD0p1_5s_2h_1019_SC70pc_corrected_spots.csv,307,10,5.21603592428878,0.33904233507877074,1.662077473298096,0.10803503576437624,0.31864762770488864,3.138262811503298,2.3784540405082706,0.1545995126330376,1.0818104656201815,61.98317391311884,0.5795595471431978,0.007534274112861572,0.2560045148877186,2.933595647872065
241022_459+2624_0p5agarose_LB_OD0p1_5s_2h_1019_SC70pc_corrected_spots.csv,308,10,5.592319249976798,0.3635007512484919,2.77725972207571,0.18052188193492114,0.49662038197966474,2.0136104684502203,2.820699171718243,0.1833454461616858,1.2112040420556272,69.3968797389733,0.6213688055529776,0.008077794472188708,0.03242868454782401,0.3716053519502848
241022_459+2624_0p5agarose_LB_OD0p1_5s_2h_1019_SC70pc_corrected_spots.csv,309,10,8.123785017837063,0.5280460261594091,2.4924260060650187,0.16200769039422622,0.306806002447443,3.2593886430605403,4.5862303694735465,0.2981049740157805,1.7424277596948756,99.83375673695159,0.9026427797596737,0.011734356136875759,0.40984768080528905,4.696508470673597
241022_459+2624_0p5agarose_LB_OD0p1_5s_2h_1019_SC70pc_corrected_spots.csv,311,8,5.569205026677677,0.361998326734049,4.657800578626305,0.3027570376107098,0.8363492736062775,1.1956727070355098,4.657800578626305,0.3027570376107098,1.5133500214789086,86.70856915677395,0.6600635065485675,0.008580825585131378,0.11722854920109542,1.3433402215328971
241022_459+2624_0p5agarose_LB_OD0p1_5s_2h_1019_SC70pc_corrected_spots.csv,313,6,9.27058969619858,0.6025883302529078,1.4598245470929705,0.09488859556104308,0.15746835907230083,6.350482127910248,3.661853933581713,0.23802050568281136,1.5720183389622302,90.07001613970185,1.8541179392397162,0.024103533210116313,0.7460046024887738,8.548583043988282
241022_459+2624_0p5agarose_LB_OD0p1_5s_2h_1019_SC70pc_corrected_spots.csv,315,7,3.5097191092579743,0.22813174210176834,0.7319123313430471,0.04757430153729807,0.20853872021051514,4.79527254694247,1.896710375544363,0.1232861744103836,1.3797943344716472,79.05639196128766,0.5849531848763291,0.007604391403392278,-0.7451176107043758,-8.538418866846524
241022_459+2624_0p5agarose_LB_OD0p1_5s_2h_1019_SC70pc_corrected_spots.csv,316,7,4.072908029037363,0.2647390218874286,1.6983228023496824,0.11039098215272936,0.4169803958846287,2.398194279322145,1.814559379678288,0.11794635967908872,1.364688052543187,78.19086576265215,0.6788180048395605,0.008824634062914286,0.11124573243569769,1.274782191481417
241022_459+2624_0p5agarose_LB_OD0p1_5s_2h_1019_SC70pc_corrected_spots.csv,317,7,4.826707905777922,0.31373601387556493,2.0123344999289676,0.1308017424953829,0.41691656905943203,2.3985614250256595,3.0009394352333207,0.19506106329016584,1.5262291469108271,87.44648868784247,0.8044513176296536,0.010457867129185497,0.4120452529995129,4.721690793054463
241022_459+2624_0p5agarose_LB_OD0p1_5s_2h_1019_SC70pc_corrected_spots.csv,318,7,4.286398551020266,0.2786159058163173,0.3459661028529203,0.02248779668543982,0.08071253728157687,12.389648915525495,2.155258129886815,0.14009177844264298,1.2746984003229067,73.03483849058001,0.7143997585033777,0.00928719686054391,-0.16858051947566088,-1.9317904548156695
241022_459+2624_0p5agarose_LB_OD0p1_5s_2h_1019_SC70pc_corrected_spots.csv,319,6,3.5658488949318627,0.2317801781705711,3.2048698014427037,0.20831653709377576,0.898767697643549,1.112634557986306,3.2048698014427037,0.20831653709377576,0.6436565166814268,36.878801861937625,0.7131697789863726,0.009271207126822844,-0.2609432718684393,-2.990189634079279
241022_459+2624_0p5agarose_LB_OD0p1_5s_2h_1019_SC70pc_corrected_spots.csv,320,6,6.0125351393502635,0.39081478405776715,1.9535609107759568,0.12698145920043719,0.32491467667115637,3.0777310838811145,3.174760314100063,0.2063594204165041,2.2695585303556047,130.03612514728988,1.2025070278700527,0.015632591362310686,-0.03045316465758126,-0.34896756153927344
241022_459+2624_0p5agarose_LB_OD0p1_5s_2h_1019_SC70pc_corrected_spots.csv,321,6,3.1056669157195116,0.20186834952176827,1.4495570304358805,0.09422120697833224,0.46674581330627063,2.1424937760369733,2.1379741603768863,0.1389683204244976,1.1018195342194192,63.12960909584291,0.6211333831439023,0.00807473398087073,0.6861162519551804,7.862313098473291
241022_459+2624_0p5agarose_LB_OD0p1_5s_2h_1019_SC70pc_corrected_spots.csv,323,6,3.2939433642813345,0.21410631867828675,2.519998792882916,0.16379992153738954,0.7650401097387186,1.3071210087815217,2.519998792882916,0.16379992153738954,1.216900270777347,69.72324960386905,0.6587886728562669,0.00856425274713147,0.8419466087506094,9.647997451352461
241022_459+2624_0p5agarose_LB_OD0p1_5s_2h_1019_SC70pc_corrected_spots.csv,348,11,6.615913601272218,0.4300343840826942,0.8149132174137701,0.05296935913189506,0.12317470670370681,8.118549877333754,2.9573220139900056,0.19222593090935036,1.2090747804753978,69.2748820369468,0.574264439557566,0.0074654377142483585,-0.18798953728855153,-2.154201415850243
241022_459+2624_0p5agarose_LB_OD0p1_5s_2h_1019_SC70pc_corrected_spots.csv,358,54,44.021819589034706,2.861418273287256,26.658862497626878,1.7328260623457472,0.6055829301582816,1.6513014984399073,26.658862497626878,1.7328260623457472,1.3800350913876271,79.0701863164619,0.7517395952395534,0.009772614738114194,0.08314804424450949,0.9528064019954858
241022_459+2624_0p5agarose_LB_OD0p1_5s_2h_1019_SC70pc_corrected_spots.csv,364,57,39.10859950303491,2.5420589676972694,12.018420744421931,0.7811973483874255,0.30730890129392835,3.254054782629095,12.827599033874455,0.8337939372018396,1.5440356543343816,88.46672641108051,0.6829574255350461,0.0088784465319556,-0.06794545555337612,-0.7785975680604347
241022_459+2624_0p5agarose_LB_OD0p1_5s_2h_1019_SC70pc_corrected_spots.csv,372,52,45.65881754455263,2.967823140395921,1.5652746880434802,0.10174285472282622,0.03428198039767735,29.16984341043936,8.195389277486713,0.5327003030366364,1.4462907988311764,82.86635872163079,0.8413382969603087,0.010937397860484014,0.021516055587782492,0.24655583538976172
241022_459+2624_0p5agarose_LB_OD0p1_5s_2h_1019_SC70pc_corrected_spots.csv,387,15,11.220303382226128,0.7293197198446983,1.3231225679998952,0.08600296691999319,0.11792217402034146,8.48016930070761,2.424245933993074,0.1575759857095498,1.7731131502286497,101.59190010724753,0.7416346483218402,0.009641250428183923,0.11363281618707159,1.3021361563410132
241022_459+2624_0p5agarose_LB_OD0p1_5s_2h_1019_SC70pc_corrected_spots.csv,390,53,46.210459320742565,3.003679855848267,4.589952134327327,0.2983468887312763,0.09932712640809065,10.067743185194427,14.445864985842087,0.9389812240797357,1.3047296228157872,74.75550079304041,0.8277653761570382,0.010760949890041496,-0.014059188301130293,-0.16110643060689353
241022_459+2624_0p5agarose_LB_OD0p1_5s_2h_1019_SC70pc_corrected_spots.csv,394,59,62.092382644671204,4.0360048719036286,13.28663336457434,0.8636311686973321,0.2139816962832333,4.673296909827123,20.195133223115885,1.3126836595025326,1.4587739619662794,83.58159128424548,1.0651253111716263,0.013846629045231143,-0.03385024945297562,-0.3878952858241053
241022_459+2624_0p5agarose_LB_OD0p1_5s_2h_1019_SC70pc_corrected_spots.csv,400,55,37.47007802795063,2.435555071816791,8.315938855777128,0.5405360256255134,0.22193545606107073,4.505814518094966,12.079493404795466,0.7851670713117053,1.5564732103792729,89.17934587991022,0.682717898347775,0.008875332678521076,-0.03581231789839964,-0.41037893403182346
241022_459+2624_0p5agarose_LB_OD0p1_5s_2h_1019_SC70pc_corrected_spots.csv,401,32,20.82058367257809,1.3533379387175757,14.317805591752773,0.9306573634639302,0.6876755146211463,1.4541742126021737,14.317805591752773,0.9306573634639302,1.1091668669090409,63.55058024963673,0.6716317313734868,0.008731212507855328,-0.02520068579915902,-0.288778587425416
241022_459+2624_0p5agarose_LB_OD0p1_5s_2h_1019_SC70pc_corrected_spots.csv,407,50,39.84619293426374,2.590002540727143,2.113537779862416,0.13737995569105704,0.05304240190146208,18.85284157866229,8.893396131823913,0.5780707485685543,1.595301543737235,91.40404550684848,0.8113302861130773,0.010547293719470005,-0.008035569704425299,-0.09208084600935121
241022_459+2624_0p5agarose_LB_OD0p1_5s_2h_1019_SC70pc_corrected_spots.csv,417,39,30.600228094906786,1.989014826168941,2.380932335358213,0.15476060179828383,0.07780766626881791,12.852204004488419,4.433867501387843,0.2882013875902098,1.3953099250000915,79.94536981522067,0.7933807660788396,0.010313949959024914,-0.05963251069853494,-0.6833382369589561
241022_459+2624_0p5agarose_LB_OD0p1_5s_2h_1019_SC70pc_corrected_spots.csv,420,55,38.63113232609208,2.511023601195985,3.5624771491325253,0.23156101469361415,0.09221777707836878,10.84389617362146,8.743427799551432,0.568322806970843,1.514249384748356,86.76009887636236,0.6508037224111227,0.008460448391344595,-0.08237865758165758,-0.943989880276472
241022_459+2624_0p5agarose_LB_OD0p1_5s_2h_1019_SC70pc_corrected_spots.csv,432,60,46.060722467376586,2.9939469603794784,2.8427067365440473,0.1847759378753631,0.061716503438639075,16.203121438890953,6.0734829385369,0.39477639100489853,1.5584409586459445,89.29208955073467,0.7806902113114675,0.010148972747049078,-0.015325187614117865,-0.17561371410702348
241022_459+2624_0p5agarose_LB_OD0p1_5s_2h_1019_SC70pc_corrected_spots.csv,456,55,41.2646920810121,2.6822049852657868,5.191056002157903,0.3374186401402637,0.12579897584033012,7.949190311924688,8.17803108033192,0.5315720202215748,1.5988599790429163,91.60792883153435,0.7209049993087723,0.00937176499101404,0.02596876148999518,0.2975800865117174
241022_459+2624_0p5agarose_LB_OD0p1_5s_2h_1019_SC70pc_corrected_spots.csv,457,57,37.663436732067176,2.4481233875843667,4.592831184626691,0.29853402700073495,0.12194402803173536,8.200483583663111,11.614699318082403,0.7549554556753563,1.5447656938423384,88.50855459376426,0.65183286454928,0.008473827239140641,0.03273359282871856,0.37509934347705426
241022_459+2624_0p5agarose_LB_OD0p1_5s_2h_1019_SC70pc_corrected_spots.csv,460,57,53.974297745360246,3.508329353448416,3.061158572411773,0.19897530720676523,0.056715116273558505,17.63198359986817,10.873073067180957,0.7067497493667623,1.5447148141200584,88.50563940041481,0.9329649447479085,0.012128544281722812,0.034444011030635484,0.39469929231149325
241022_459+2624_0p5agarose_LB_OD0p1_5s_2h_1019_SC70pc_corrected_spots.csv,463,9,5.543205336689141,0.3603083468847942,1.6791874232605803,0.10914718251193772,0.3029271551869896,3.301123662494781,2.170361559473589,0.14107350136578328,1.7472113239314768,100.10783477873855,0.6383879290228914,0.00829904307729759,-0.07025394896781219,-0.8050509539966209
241022_459+2624_0p5agarose_LB_OD0p1_5s_2h_1019_SC70pc_corrected_spots.csv,464,41,30.40403460450054,1.9762622492925352,7.846432911669123,0.510018139258493,0.25807209515896484,3.874886199470847,11.589593452072169,0.753323574384691,1.2259888519428734,70.2439869464158,0.7601008651125135,0.009881311246462677,-0.051800048226859914,-0.5935848283946393
241022_459+2624_0p5agarose_LB_OD0p1_5s_2h_1019_SC70pc_corrected_spots.csv,467,54,45.54468783561848,2.9604047093152013,4.479462280261748,0.2911650482170136,0.09835312290270126,10.16744532849536,5.889863218276498,0.38284110918797243,1.698801347757074,97.3341474576164,0.8022596360613886,0.010429375268798053,0.00028283647968581593,0.00324106731566698
241022_459+2624_0p5agarose_LB_OD0p1_5s_2h_1019_SC70pc_corrected_spots.csv,473,60,53.1643754372856,3.455684403423564,6.678087660889778,0.43407569795783557,0.1256120777487072,7.961017904667945,12.871184647548795,0.8366270020906716,1.5224307227954,87.22885501722779,0.9010911091065356,0.011714184418384963,0.015465595849478856,0.17722267396603633
241022_459+2624_0p5agarose_LB_OD0p1_5s_2h_1019_SC70pc_corrected_spots.csv,480,51,34.04724215562257,2.2130707401154672,6.18337664745728,0.4019194820847232,0.18161167413191368,5.506253960709871,8.226847832133545,0.5347451090886804,1.7143120314464129,98.22284417037793,0.5980107453711911,0.007774139689825485,-0.06637951703477653,-0.7606532344418896
241022_459+2624_0p5agarose_LB_OD0p1_5s_2h_1019_SC70pc_corrected_spots.csv,486,57,42.479569280762405,2.7611720032495564,7.106282274527569,0.46190834784429197,0.1672870604586325,5.977748651081621,11.820072393896274,0.7683047056032578,1.5235264500433903,87.29163556403512,0.7146912663881728,0.009290986463046247,0.007043260315716687,0.08070981802050918
241022_459+2624_0p5agarose_LB_OD0p1_5s_2h_1019_SC70pc_corrected_spots.csv,494,52,28.24831866417834,1.836140713171592,0.3831092602814758,0.02490210191829593,0.013562196916423781,73.73436664888732,6.481593741525963,0.4213035931991876,1.534262376585123,87.90675884403889,0.498450675690457,0.00647985878397594,-0.1074551531779587,-1.2313453528057619
241022_459+2624_0p5agarose_LB_OD0p1_5s_2h_1019_SC70pc_corrected_spots.csv,498,57,48.237098583374326,3.135411407919331,2.6090150860952854,0.16958598059619356,0.05408731376299079,18.488623864405138,7.894831950784758,0.5131640768010093,1.6459907336604012,94.30832215638296,0.818776046707958,0.010644088607203454,-0.04905514612323517,-0.5621305672517835
241022_459+2624_0p5agarose_LB_OD0p1_5s_2h_1019_SC70pc_corrected_spots.csv,500,19,13.887408420805018,0.9026815473523262,5.6091569666768715,0.36459520283399666,0.40390235504802147,2.475845925387353,6.860051952369115,0.44590337690399245,1.3009059126320324,74.53641833743006,0.7050488984215011,0.009165635679479514,0.05822489478386633,0.6672081467417644
241022_459+2624_0p5agarose_LB_OD0p1_5s_2h_1019_SC70pc_corrected_spots.csv,504,20,12.894451136638374,0.8381393238814943,2.645492860478062,0.17195703593107403,0.20516521660709872,4.874120557750529,3.588527985561505,0.23325431906149782,1.5298054313682872,87.65139469359318,0.678655322980967,0.00882251919875257,0.068312502409312,0.782803615206169
241022_459+2624_0p5agarose_LB_OD0p1_5s_2h_1019_SC70pc_corrected_spots.csv,505,57,44.25065740137064,2.876292731089092,9.6403792186666,0.626624649213329,0.2178584406379462,4.5901365908602845,10.146255247522578,0.6595065910889676,1.3217920885570824,75.73310806810318,0.7606888261522585,0.009888954739979361,0.04634098675540509,0.5310285919112717
241022_459+2624_0p5agarose_LB_OD0p1_5s_2h_1019_SC70pc_corrected_spots.csv,511,32,26.19175763063562,1.7024642459913155,5.260342168288353,0.34192224093874296,0.20083960162091247,4.979097707470631,9.493789021539955,0.6170962864000971,1.1846088015299903,67.87308470171902,0.80432078850863,0.01045617025061219,-0.06673037156245379,-0.7646737311736822
241022_459+2624_0p5agarose_LB_OD0p1_5s_2h_1019_SC70pc_corrected_spots.csv,513,58,49.88383073591782,3.2424489978346585,3.266302960977544,0.21230969246354037,0.06547819028312335,15.27226081961133,8.056697617578036,0.5236853451425724,1.5022656249544462,86.07348001747278,0.8185808534406074,0.010641551094727896,0.004707961385550761,0.05394926350052439
241022_459+2624_0p5agarose_LB_OD0p1_5s_2h_1019_SC70pc_corrected_spots.csv,528,58,53.638237568728194,3.4864854419673326,7.120939444922932,0.4628610639199906,0.13275863950225192,7.532466465077307,10.607686796616836,0.6894996417800944,1.6909720727211026,96.8855630414081,0.9096641146361589,0.011825633490270066,0.057541876580330525,0.6593813346631227
241022_459+2624_0p5agarose_LB_OD0p1_5s_2h_1019_SC70pc_corrected_spots.csv,533,54,24.269812999028577,1.5775378449368576,11.191272356983795,0.7274327032039467,0.4611190188169862,2.168637508306485,12.620237346342146,0.8203154275122395,1.285014149494342,73.62588738061882,0.4283233943903523,0.005568204127074579,0.06993528221698977,0.8013993020179667
241022_459+2624_0p5agarose_LB_OD0p1_5s_2h_1019_SC70pc_corrected_spots.csv,555,56,40.74562874887432,2.6484658686768308,8.759104583885659,0.5693417979525678,0.21497041162059985,4.651802973540818,8.858653493606468,0.5758124770844204,1.4236188365727909,81.5673509709454,0.7053231419208408,0.00916920084497093,-0.011039706658867849,-0.1265057197231198
241022_459+2624_0p5agarose_LB_OD0p1_5s_2h_1019_SC70pc_corrected_spots.csv,559,31,29.513093539685812,1.9183510800795778,17.90163750943734,1.163606438113427,0.6065659462423103,1.64862535754772,17.90163750943734,1.163606438113427,1.0039722132843079,57.52337056959896,0.9411416028336873,0.012234840836837936,0.037809860655914816,0.4332690879123323
241022_459+2624_0p5agarose_LB_OD0p1_5s_2h_1019_SC70pc_corrected_spots.csv,563,57,33.88209554573371,2.2023362104726916,4.033466302608161,0.2621753096695305,0.1190441806400029,8.400242621048928,4.797188928249478,0.3118172803362161,1.6318929058269638,93.50057612122494,0.5867652294840082,0.007627947983292108,-0.008796880281455007,-0.10080482260184553
241022_459+2624_0p5agarose_LB_OD0p1_5s_2h_1019_SC70pc_corrected_spots.csv,583,59,34.70963085361954,2.25612600548527,7.407552133084492,0.481490888650492,0.21341489237739988,4.685708616021107,8.575976507697813,0.5574384730003579,1.2442862299844715,71.29234948435472,0.586645915194483,0.007626396897528279,-0.05213284860921658,-0.5973984398605148
241022_459+2624_0p5agarose_LB_OD0p1_5s_2h_1019_SC70pc_corrected_spots.csv,603,32,25.619545109972947,1.6652704321482417,12.674235336082,0.8238252968453301,0.49470961649308476,2.02138783371311,13.892097274673196,0.9029863228537578,1.267470211646063,72.62069378587262,0.8202256927898853,0.010662934006268509,-0.031989593985093254,-0.3665737447365855
241022_459+2624_0p5agarose_LB_OD0p1_5s_2h_1019_SC70pc_corrected_spots.csv,606,23,16.164232617561282,1.0506751201414835,1.0824740270043547,0.07036081175528305,0.06696723887951997,14.932674793402922,3.484086192405913,0.22646560250638434,1.8851893680861336,108.0133943742701,0.7347378462527856,0.009551592001286214,0.08263918683349265,0.9469753255904422
241022_459+2624_0p5agarose_LB_OD0p1_5s_2h_1019_SC70pc_corrected_spots.csv,612,28,17.41559870017798,1.1320139155115687,0.32557876286467935,0.02116261958620416,0.01869466381660207,53.491199938665666,2.7435727894947797,0.1783322313171607,1.8304015360366925,104.87428282916554,0.6345389187624171,0.008249005943911421,0.0927368034432023,1.0626854885659545
241022_459+2624_0p5agarose_LB_OD0p1_5s_2h_1019_SC70pc_corrected_spots.csv,615,46,23.941223071556514,1.5561794996511735,1.7417864606351576,0.11321611994128525,0.07275260981568211,13.745211375007553,3.952803615833452,0.2569322350291744,1.5453506352279667,88.54206926642328,0.5251737214923033,0.006827258379399943,0.021302796319337316,0.2441120641849705
241022_459+2624_0p5agarose_LB_OD0p1_5s_2h_1019_SC70pc_corrected_spots.csv,621,26,22.14741419905834,1.439581922938792,5.727633294191313,0.3722961641224354,0.25861408662483226,3.8667653918275753,7.556747634788921,0.49118859626127986,1.6461615005503862,94.31810637845967,0.8238781132629326,0.010710415472418123,-0.054342804836065586,-0.6227226728019355
241022_459+2624_0p5agarose_LB_OD0p1_5s_2h_1019_SC70pc_corrected_spots.csv,625,52,30.525805260595952,1.984177341938737,1.567896602911866,0.10191327918927129,0.05136298910141367,19.46927189197556,4.5260833613153135,0.2941954184854954,1.612335512805298,92.38002004280487,0.5345850882556828,0.006949606147323878,-0.019717732197026515,-0.2259485672917671
241022_459+2624_0p5agarose_LB_OD0p1_5s_2h_1019_SC70pc_corrected_spots.csv,629,58,31.86196705218871,2.071027858392266,0.7340392319982828,0.04771255007988839,0.02303810153327803,43.40635440622232,5.455510006931843,0.3546081504505698,1.2727152258393044,72.92121096263156,0.5484268338031899,0.007129548839441469,-0.06923872894262394,-0.7934173894525305
241022_459+2624_0p5agarose_LB_OD0p1_5s_2h_1019_SC70pc_corrected_spots.csv,633,56,53.073445370512715,3.4497739490833266,2.779836711102668,0.1806893862216734,0.05237716699370583,19.092288823490016,10.036837485986686,0.6523944365891347,1.5479897173381139,88.6932775331232,0.9029594073426531,0.01173847229545449,-0.06493747208999215,-0.7441286166010255
241022_459+2624_0p5agarose_LB_OD0p1_5s_2h_1019_SC70pc_corrected_spots.csv,639,51,39.33439206744373,2.5567354843838426,1.323061065128173,0.08599896923333124,0.033636240337962246,29.729838708263376,7.583907920833516,0.49295401485417856,1.3736921072176373,78.70676009400319,0.7184045466213298,0.009339259106077288,-0.016169563427484063,-0.1852895481927853
241022_459+2624_0p5agarose_LB_OD0p1_5s_2h_1019_SC70pc_corrected_spots.csv,647,39,30.617291892499264,1.9901239730124523,21.09007208177814,1.3708546853155792,0.6888287885103536,1.4517395565922537,21.188313597666447,1.3772403838483191,1.0487792482449982,60.09062456534165,0.8057182076973491,0.01047433670006554,-0.05807221185633758,-0.6654585292715447
241022_459+2624_0p5agarose_LB_OD0p1_5s_2h_1019_SC70pc_corrected_spots.csv,648,32,20.913319937904262,1.359365795963777,14.615311995967142,0.9499952797378642,0.6988518341116027,1.4309184739727043,14.923613452617797,0.9700348744201568,0.9855900740548192,56.4701515733274,0.6746232238033631,0.00877010190944372,-0.04423136115843366,-0.5068540632994256
241022_459+2624_0p5agarose_LB_OD0p1_5s_2h_1019_SC70pc_corrected_spots.csv,649,57,42.89494728844095,2.788171573748662,26.56542579819474,1.7267526768826582,0.6193136366285596,1.6146907493331384,26.56542579819474,1.7267526768826582,1.0335763525231823,59.2195628041041,0.7202861245052689,0.009363719618568496,-0.02292723025438792,-0.26272670590021613
241022_459+2624_0p5agarose_LB_OD0p1_5s_2h_1019_SC70pc_corrected_spots.csv,658,54,46.28358049077719,3.0084327319005175,5.221445467656451,0.3393939553976693,0.11281420780954737,8.864131738514684,8.467003246233437,0.5503552110051735,1.5009387194389565,85.99745393162259,0.8113157161863163,0.010547104310422111,-0.005153685182336139,-0.059056881977394185
241022_459+2624_0p5agarose_LB_OD0p1_5s_2h_1019_SC70pc_corrected_spots.csv,664,58,34.26358215716146,2.227132840215495,13.67469311671692,0.8888550525865998,0.39910284493878473,2.505619823765932,13.67469311671692,0.8888550525865998,1.2526477823834514,71.77143114699376,0.5932548022980724,0.007712312429874942,0.0149002190270198,0.1707439328137521
241022_459+2624_0p5agarose_LB_OD0p1_5s_2h_1019_SC70pc_corrected_spots.csv,668,14,8.16532855189905,0.5307463558734382,3.078378942728017,0.2000946312773211,0.3770061330859814,2.6524767430558915,4.268764951526189,0.2774697218492023,1.3865922110663345,79.445881599814,0.6281021962999269,0.00816532855189905,0.2429445267173066,2.783939207340987
241022_459+2624_0p5agarose_LB_OD0p1_5s_2h_1019_SC70pc_corrected_spots.csv,673,55,34.57014038060288,2.247059124739187,6.26455518866973,0.40719608726353246,0.18121289412480196,5.518371111667674,7.203968676070112,0.46825796394455727,1.4986444723134387,85.8660032541704,0.6401877848259793,0.008322441202737731,-0.00358635503303091,-0.041096601445634415
241022_459+2624_0p5agarose_LB_OD0p1_5s_2h_1019_SC70pc_corrected_spots.csv,674,59,45.814780449177846,2.97796072919656,9.257714795464379,0.6017514617051847,0.20206829989579292,4.948821762323443,13.954624002914759,0.9070505601894594,1.3524535260672799,77.4898790312416,0.7807973279428544,0.010150365263257109,0.02729977010858007,0.3128323217798078
241022_459+2624_0p5agarose_LB_OD0p1_5s_2h_1019_SC70pc_corrected_spots.csv,675,39,35.58718134453817,2.3131667873949815,0.6957145750385808,0.04522144737750775,0.019549583550970306,51.15198476697817,5.6617762832576,0.36801545841174405,1.4603079656025983,83.66948321836428,0.9282151029246168,0.01206679633802002,0.0727957264267613,0.834177578168475
241022_459+2624_0p5agarose_LB_OD0p1_5s_2h_1019_SC70pc_corrected_spots.csv,682,38,23.16358402079956,1.5056329613519714,3.4723356535237637,0.22570181747904464,0.14990493916683215,6.670894271783002,4.1652391311151025,0.27074054352248167,1.560575300660937,89.41437834023121,0.622768275766844,0.008095987584968972,-0.06231236664467508,-0.7140471240423297
241022_459+2624_0p5agarose_LB_OD0p1_5s_2h_1019_SC70pc_corrected_spots.csv,697,28,28.035489841646395,1.8223068397070157,7.190833809289227,0.4674041976037998,0.25649039306626725,3.8987815022827714,9.816231142083739,0.638055024235443,1.4684061677648264,84.13347602390367,1.038351475616533,0.01349856918301493,0.003012271358292287,0.03451808711565758
