IDs,Frame,Center_position_x_PIX,Ellipse_center_x_PIX,Center_position_y_PIX,Ellipse_center_y_PIX,Perimeter_PIX,Surface_area_PIX^2,Convex_hull_area_PIX^2,Solidity,Length_PIX,Ellipse_major_axis_PIX,Width_PIX,Ellipse_minor_axis_PIX,Aspect_ratio,Ellipse_aspect_ratio,Angle_to_x+_axis_RAD,Angle_to_x+_axis_DEG,Ellipse_Angle_DEG,Min_intensity,Max_intensity,Mean_intensity
2,0,995,995.63,12,12.26,103.98,456,492.0,0.93,45.18,37.87,11.18,10.5,4.04,3.61,2.66,152.3,152.63,1649,2236,1858.22
3,0,1665,1665.11,7,6.92,108.28,460,507.0,0.91,47.38,40.81,10.2,10.11,4.65,4.04,3.01,172.72,177.94,1643,2142,1834.46
4,0,1715,1715.82,6,6.87,118.18,554,591.0,0.94,51.48,44.98,11.18,10.99,4.6,4.09,0.14,7.82,4.89,1627,2140,1842.18
5,0,54,55.01,15,15.52,107.64,505,543.0,0.93,46.07,39.51,11.18,11.19,4.12,3.53,0.47,27.12,28.97,1645,2214,1870.31
6,0,1313,1313.17,29,30.07,78.01,287,309.0,0.93,33.24,29.28,9.06,8.7,3.67,3.37,1.69,96.91,92.62,1638,2238,1888.14
7,0,1779,1779.98,28,28.99,111.88,465,529.0,0.88,47.71,42.63,9.43,10.07,5.06,4.24,0.58,33.02,32.02,1631,2166,1871.66
8,0,1292,1292.63,31,31.38,85.74,388,409.0,0.95,35.36,30.61,12.53,10.93,2.82,2.8,2.07,118.74,121.8,1615,2245,1869.27
9,0,1248,1247.79,42,42.76,122.27,466,539.0,0.86,53.81,45.74,9.22,10.19,5.84,4.49,0.84,48.01,45.16,1653,2100,1861.82
10,0,363,363.4,37,37.22,64.87,223,243.0,0.92,27.51,23.15,9.49,8.48,2.9,2.73,1.24,70.91,72.42,1637,2062,1830.45
11,0,174,174.18,46,46.63,100.23,464,492.0,0.94,42.44,36.8,10.82,10.99,3.92,3.35,0.97,55.56,55.07,1617,2254,1875.07
12,0,1755,1755.08,53,53.46,103.4,501,540.0,0.93,43.05,37.77,10.3,11.63,4.18,3.25,2.11,120.74,119.54,1609,2316,1867.94
14,0,1528,1528.0,61,61.4,127.05,596,717.0,0.83,50.96,41.71,15.52,14.99,3.28,2.78,1.85,105.95,106.31,1603,2152,1859.31
15,0,565,565.14,60,60.95,109.54,343,411.0,0.83,48.84,41.3,7.07,7.92,6.91,5.22,0.83,47.49,45.84,1665,2054,1841.9
16,0,1149,1149.85,59,59.9,85.25,368,392.0,0.94,35.36,30.62,10.3,10.31,3.43,2.97,2.07,118.74,117.21,1638,2119,1870.19
17,0,983,983.5,55,54.93,118.43,567,609.0,0.93,51.2,44.68,11.18,11.09,4.58,4.03,2.93,167.59,167.52,1581,2200,1866.81
18,0,142,142.48,64,64.71,108.37,515,545.0,0.94,46.86,41.59,11.4,10.78,4.11,3.86,0.88,50.19,49.44,1630,2240,1878.29
19,0,1874,1874.8,66,66.06,110.81,558,590.0,0.95,47.01,40.79,11.18,11.9,4.2,3.43,2.08,119.29,118.58,1644,2353,1901.24
20,0,1318,1318.87,62,62.78,89.98,431,453.0,0.95,38.29,32.37,11.4,11.52,3.36,2.81,2.28,130.76,132.39,1633,2244,1876.35
22,0,2018,2018.36,78,78.23,150.27,809,868.0,0.93,65.3,58.11,12.53,12.48,5.21,4.66,2.05,117.35,118.88,1602,2386,1870.83
23,0,1895,1895.81,79,79.06,118.18,608,650.0,0.94,50.22,44.38,11.18,11.99,4.49,3.7,1.79,102.65,101.45,1657,2370,1904.43
24,0,1467,1467.17,72,72.01,128.37,591,652.0,0.91,55.95,48.86,8.94,10.87,6.25,4.5,2.64,151.14,150.03,1593,2120,1827.83
25,0,1547,1546.9,79,79.86,105.11,462,499.0,0.93,44.64,39.82,10.2,10.32,4.38,3.86,1.84,105.59,101.25,1645,2196,1880.59
26,0,1094,1094.4,78,78.4,114.61,480,527.0,0.91,50.33,43.15,10.0,9.68,5.03,4.46,0.72,40.97,41.45,1682,2153,1862.92
28,0,855,855.82,70,70.66,102.53,388,430.0,0.9,46.53,37.51,10.2,8.97,4.56,4.18,0.15,8.65,8.13,1628,2111,1836.43
29,0,1984,1984.17,79,79.98,112.23,531,577.0,0.92,47.54,41.08,10.77,11.36,4.41,3.62,2.75,157.75,154.93,1627,2336,1891.55
30,0,191,192.01,83,83.92,119.4,541,598.0,0.9,50.54,44.09,11.66,10.98,4.33,4.02,2.67,152.93,157.9,1629,2322,1906.83
31,0,158,158.51,98,99.02,120.18,494,573.0,0.86,52.35,45.84,10.2,10.54,5.13,4.35,1.69,96.58,93.17,1665,2334,1915.79
32,0,1183,1183.25,96,96.07,128.81,645,707.0,0.91,55.36,47.81,11.7,11.87,4.73,4.03,0.35,20.07,21.57,1588,2209,1875.46
33,0,937,937.98,95,96.51,132.43,632,731.0,0.86,58.03,49.56,10.0,12.73,5.8,3.89,0.03,1.97,1.36,1639,2253,1848.03
34,0,1865,1865.56,126,126.45,163.74,842,974.0,0.86,71.39,63.17,8.25,12.96,8.66,4.88,1.37,78.69,77.8,1673,2234,1890.07
35,0,13,13.33,123,123.65,139.4,565,659.0,0.86,60.41,54.27,8.25,9.74,7.33,5.57,1.23,70.67,72.51,1612,2111,1845.2
36,0,831,831.5,99,99.26,62.25,161,185.0,0.87,27.29,22.09,6.0,6.83,4.55,3.24,0.15,8.43,5.33,1671,2007,1833.06
37,0,180,180.31,119,119.33,117.15,504,557.0,0.9,50.16,44.78,9.85,10.12,5.09,4.42,1.98,113.5,113.71,1640,2281,1920.64
38,0,1725,1725.25,104,104.68,131.36,700,750.0,0.93,57.71,50.52,12.17,12.2,4.74,4.14,2.98,171.03,173.46,1603,2186,1854.62
39,0,706,706.46,119,119.23,110.18,520,551.0,0.94,48.27,41.4,11.18,10.76,4.32,3.85,2.91,166.83,168.13,1611,2163,1853.25
40,0,648,648.29,123,123.26,127.36,645,689.0,0.94,56.44,49.38,12.17,11.42,4.64,4.32,3.02,172.87,173.55,1637,2258,1876.06
41,0,1818,1818.18,129,129.89,79.98,364,376.0,0.97,33.02,29.02,11.4,10.84,2.9,2.68,0.96,54.87,48.76,1635,2146,1866.23
42,0,1096,1096.97,131,131.81,89.7,422,446.0,0.95,37.85,32.33,11.18,11.18,3.39,2.89,2.93,167.8,171.57,1649,2177,1865.59
43,0,131,131.23,150,150.43,110.87,476,518.0,0.92,48.17,43.93,10.0,9.65,4.82,4.55,1.65,94.76,91.93,1590,2380,1910.67
44,0,1943,1943.78,151,151.74,111.46,552,582.0,0.95,48.37,42.73,11.18,11.27,4.33,3.79,1.45,82.87,85.64,1592,2203,1856.87
45,0,1133,1133.19,137,137.93,86.53,359,383.0,0.94,36.5,30.4,11.18,10.3,3.26,2.95,2.98,170.54,172.98,1620,2153,1869.26
46,0,716,716.71,144,144.24,75.25,267,287.0,0.93,32.8,26.69,10.0,9.06,3.28,2.94,0.92,52.43,50.2,1680,2096,1862.09
47,0,114,114.26,174,175.05,151.01,739,824.0,0.9,67.08,59.84,8.25,11.22,8.13,5.33,1.39,79.7,81.27,1661,2437,1915.81
48,0,1794,1794.98,157,157.1,82.33,382,400.0,0.96,33.84,29.43,12.21,11.26,2.77,2.61,0.97,55.84,53.23,1653,2224,1906.86
49,0,329,329.36,153,153.97,65.36,187,214.0,0.87,25.94,21.82,9.43,7.74,2.75,2.82,1.09,62.45,66.82,1605,2006,1813.14
50,0,884,884.26,155,155.91,82.33,341,361.0,0.94,35.23,29.9,10.82,9.75,3.26,3.07,2.54,145.41,143.87,1608,2047,1822.63
51,0,1555,1554.94,173,173.01,137.92,643,714.0,0.9,60.46,53.56,9.43,10.88,6.41,4.92,0.6,34.22,35.12,1629,2130,1878.96
52,0,207,207.45,161,161.66,99.46,453,480.0,0.94,43.1,37.05,11.0,10.52,3.92,3.52,0.07,3.99,0.21,1586,2148,1849.83
53,0,1596,1596.75,172,172.97,85.6,394,415.0,0.95,34.93,30.38,12.08,11.17,2.89,2.72,1.98,113.63,114.05,1642,2165,1859.6
54,0,1913,1913.05,179,179.96,93.46,460,478.0,0.96,38.83,34.26,12.17,11.55,3.19,2.97,1.78,101.89,97.4,1601,2169,1842.89
55,0,592,592.82,173,173.37,76.28,301,323.0,0.93,31.78,27.08,10.2,9.67,3.12,2.8,0.22,12.72,12.45,1595,2102,1857.27
56,0,141,141.05,180,180.07,91.84,425,452.0,0.94,37.59,32.94,11.66,11.16,3.22,2.95,0.5,28.61,22.75,1652,2483,1954.75
57,0,221,221.17,189,189.3,99.54,464,486.0,0.95,43.28,37.77,11.4,10.63,3.8,3.55,0.87,49.69,47.41,1620,2202,1885.28
58,0,1765,1765.67,184,184.8,81.15,353,374.0,0.94,33.29,29.21,10.82,10.44,3.08,2.8,0.57,32.74,36.09,1658,2204,1889.59
59,0,30,30.42,196,196.84,167.14,854,976.0,0.88,73.25,64.13,10.0,12.58,7.32,5.1,0.68,38.9,36.84,1610,2249,1868.69
60,0,560,560.37,181,181.28,78.28,315,336.0,0.94,32.76,28.25,10.2,9.62,3.21,2.94,0.22,12.34,11.09,1646,2162,1870.27
61,0,743,743.7,192,192.41,100.47,463,492.0,0.94,44.05,36.85,10.0,10.79,4.4,3.42,2.26,129.47,130.48,1635,2171,1850.52
62,0,129,129.83,201,201.85,84.08,387,410.0,0.94,34.48,29.53,11.18,11.23,3.08,2.63,0.52,29.54,30.23,1676,2424,1956.84
63,0,1739,1739.32,204,204.16,83.98,360,383.0,0.94,34.89,30.41,10.3,10.26,3.39,2.96,0.48,27.3,33.54,1678,2150,1901.82
64,0,548,548.53,213,214.09,92.77,335,389.0,0.86,38.83,34.23,9.22,9.32,4.21,3.67,1.78,101.89,101.02,1629,2057,1842.27
65,0,1690,1690.15,207,207.21,118.67,586,626.0,0.94,50.7,44.5,11.4,11.39,4.45,3.91,0.26,14.86,14.41,1625,2167,1865.67
66,0,239,239.04,215,215.83,87.5,348,380.0,0.92,36.62,31.29,8.6,9.71,4.26,3.22,2.18,124.99,119.97,1629,2173,1863.81
67,0,954,954.54,210,210.66,91.7,430,453.0,0.95,38.64,33.69,11.18,11.05,3.46,3.05,2.96,169.56,172.81,1590,2363,1872.17
68,0,2013,2013.52,221,221.04,125.54,538,636.0,0.85,53.54,46.29,8.6,11.62,6.22,3.98,0.57,32.8,32.33,1680,2180,1868.05
69,0,644,644.62,220,220.09,85.74,412,434.0,0.95,35.0,30.1,13.6,11.77,2.57,2.56,0.93,53.13,51.57,1642,2171,1863.06
70,0,1607,1607.14,222,222.86,91.01,434,458.0,0.95,37.34,32.16,12.65,11.58,2.95,2.78,1.93,110.38,110.19,1618,2214,1850.58
71,0,961,961.72,224,224.47,103.11,494,522.0,0.95,43.42,38.09,11.18,11.48,3.88,3.32,3.0,172.06,175.86,1667,2424,1944.12
72,0,832,832.65,230,230.1,100.33,469,500.0,0.94,42.15,36.5,10.77,11.2,3.91,3.26,2.75,157.69,155.36,1594,2162,1843.39
73,0,64,64.04,236,236.67,124.28,596,638.0,0.93,54.45,47.87,11.18,11.01,4.87,4.35,3.01,172.61,175.83,1650,2236,1865.71
74,0,1051,1051.01,254,254.89,95.6,419,448.0,0.94,40.16,35.27,10.77,10.26,3.73,3.44,1.24,71.11,72.41,1637,2195,1890.65
75,0,958,958.51,252,252.97,86.67,396,416.0,0.95,36.72,31.31,11.66,10.79,3.15,2.9,2.08,119.36,119.41,1661,2311,1912.51
76,0,1447,1447.39,249,249.3,97.5,458,486.0,0.94,40.72,35.36,12.08,11.16,3.37,3.17,0.43,24.68,24.4,1643,2210,1871.0
77,0,1769,1769.56,255,255.9,86.04,329,352.0,0.93,35.36,31.79,9.22,9.02,3.83,3.52,1.71,98.13,92.1,1593,2080,1817.88
78,0,695,695.65,266,266.28,145.58,700,784.0,0.89,63.41,55.68,7.81,11.56,8.12,4.82,0.66,37.95,37.03,1650,2323,1909.67
79,0,793,793.56,266,266.85,94.28,421,452.0,0.93,39.62,34.96,10.2,10.59,3.89,3.3,1.39,79.82,83.79,1629,2280,1888.44
80,0,1961,1961.98,265,265.91,95.64,416,444.0,0.94,41.05,36.5,9.43,10.07,4.35,3.62,0.98,55.92,53.61,1612,2281,1894.7
81,0,1511,1511.33,271,271.17,108.67,554,586.0,0.95,45.22,39.72,12.65,12.09,3.58,3.29,1.89,108.03,107.65,1648,2287,1881.05
82,0,719,719.0,265,265.56,84.81,374,392.0,0.95,35.61,30.92,11.4,10.58,3.12,2.92,0.9,51.84,46.85,1674,2376,1948.05
84,0,1068,1068.85,270,270.21,107.64,427,484.0,0.88,46.04,38.55,10.82,9.83,4.26,3.92,0.97,55.62,53.01,1656,2197,1894.04
85,0,1223,1223.34,258,258.35,88.28,328,358.0,0.92,38.33,31.74,10.2,9.05,3.76,3.51,0.13,7.5,5.51,1608,2140,1835.03
86,0,1279,1279.7,267,267.86,103.7,453,485.0,0.93,45.71,39.15,11.18,10.1,4.09,3.88,0.18,10.08,7.56,1640,2225,1847.52
87,0,374,374.06,271,271.52,118.08,555,599.0,0.93,50.01,43.52,12.17,11.05,4.11,3.94,2.94,168.47,166.17,1591,2241,1884.27
88,0,596,596.59,275,275.28,92.23,414,445.0,0.93,39.2,33.18,10.0,10.89,3.92,3.05,0.66,37.75,40.92,1616,2195,1867.71
89,0,1569,1569.81,287,287.21,118.43,606,643.0,0.94,51.42,44.47,11.18,11.79,4.6,3.77,1.34,76.5,77.42,1631,2484,1915.38
90,0,1387,1387.38,287,287.42,117.74,589,629.0,0.94,49.98,43.32,12.65,11.79,3.95,3.67,1.22,70.11,70.17,1598,2435,1930.9
91,0,1940,1940.02,289,289.96,110.53,563,596.0,0.94,46.53,40.92,12.17,11.92,3.82,3.43,1.72,98.65,94.29,1605,2225,1866.24
93,0,220,220.12,288,288.0,100.91,459,497.0,0.92,42.05,36.65,11.18,11.15,3.76,3.29,1.13,64.65,65.98,1635,2169,1856.28
94,0,971,971.5,287,287.36,84.77,391,407.0,0.96,34.93,30.1,12.17,11.26,2.87,2.67,1.8,103.24,105.93,1667,2229,1890.47
95,0,1443,1443.82,289,289.79,119.44,616,661.0,0.93,52.4,45.82,10.63,12.1,4.93,3.79,0.84,48.09,46.15,1633,2282,1910.45
96,0,1397,1397.42,300,300.46,142.61,691,775.0,0.89,61.74,54.57,8.54,11.61,7.23,4.7,1.14,65.1,64.47,1688,2403,1970.84
97,0,313,313.86,293,293.33,104.37,520,549.0,0.95,44.05,38.45,11.4,11.66,3.86,3.3,0.88,50.53,49.65,1628,2202,1881.1
98,0,422,422.75,288,288.3,112.08,543,586.0,0.93,47.17,41.4,10.77,11.48,4.38,3.6,2.77,158.88,160.83,1667,2364,1912.71
99,0,694,694.86,292,292.73,86.81,419,434.0,0.97,36.12,31.65,10.63,11.42,3.4,2.77,0.73,41.63,43.67,1649,2313,1950.97
100,0,275,275.5,304,304.96,115.84,476,528.0,0.9,50.7,44.03,9.22,9.43,5.5,4.67,1.83,104.86,103.86,1635,2135,1863.51
101,0,810,810.97,299,299.73,75.49,253,282.0,0.9,30.59,25.81,10.2,8.9,3.0,2.9,1.77,101.31,99.01,1698,2095,1879.78
102,0,1061,1062.01,304,305.05,97.5,391,425.0,0.92,41.59,35.95,8.94,9.81,4.65,3.67,1.1,62.82,63.53,1659,2201,1933.14
103,0,1517,1517.46,313,313.81,139.2,690,749.0,0.92,59.94,52.99,11.18,11.7,5.36,4.53,2.06,117.85,117.11,1618,2394,1926.85
104,0,1831,1831.48,299,299.48,102.57,491,517.0,0.95,43.86,37.41,12.08,11.31,3.63,3.31,2.72,155.77,154.78,1633,2230,1866.16
106,0,629,629.43,301,301.43,161.5,838,924.0,0.91,71.02,63.4,9.22,12.0,7.7,5.28,0.17,9.73,8.86,1643,2406,1917.97
107,0,109,109.55,314,314.04,112.95,582,613.0,0.95,48.01,42.15,13.6,12.0,3.53,3.51,2.19,125.68,125.62,1413,2248,1855.66
108,0,1578,1578.41,314,314.89,104.77,500,536.0,0.93,44.15,38.64,12.37,11.22,3.57,3.45,1.34,76.91,79.55,1704,2584,2024.24
109,0,893,893.81,318,318.26,110.57,476,522.0,0.91,46.14,41.44,8.94,10.2,5.16,4.06,2.09,119.9,113.87,1622,2119,1846.11
110,0,475,475.61,314,314.39,80.67,365,385.0,0.95,32.2,27.91,11.4,11.22,2.82,2.49,2.2,126.16,121.19,1623,2380,1923.92
111,0,650,650.19,319,318.92,132.75,653,720.0,0.91,58.01,51.88,8.6,11.44,6.74,4.53,0.63,35.88,37.06,1666,2326,1947.56
112,0,455,455.08,317,317.78,114.95,579,616.0,0.94,48.83,43.21,12.21,11.66,4.0,3.71,2.53,145.01,144.09,1701,2469,2010.86
113,0,65,65.49,320,320.19,110.12,558,592.0,0.94,46.87,41.05,11.66,11.81,4.02,3.48,2.55,146.31,145.48,1653,2254,1904.33
114,0,1834,1834.85,315,315.64,89.6,399,425.0,0.94,37.0,32.45,11.7,10.81,3.16,3.0,2.81,161.08,160.91,1656,2216,1915.83
115,0,396,396.2,315,315.91,87.04,416,439.0,0.95,36.22,31.04,12.17,11.54,2.98,2.69,0.11,6.34,2.4,1667,2266,1909.87
116,0,1583,1583.16,340,340.5,155.44,751,853.0,0.88,67.62,60.16,9.85,11.54,6.87,5.21,1.16,66.47,65.48,1700,2575,2006.57
117,0,430,430.89,320,320.49,90.18,443,469.0,0.94,36.77,31.49,12.65,12.11,2.91,2.6,2.75,157.62,161.52,1679,2584,2022.87
118,0,944,945.0,320,320.38,92.53,446,477.0,0.94,37.85,32.82,11.18,11.79,3.39,2.78,0.21,12.2,9.75,1655,2240,1896.62
119,0,1438,1438.52,326,326.02,85.98,399,417.0,0.96,35.61,31.09,11.4,11.03,3.12,2.82,0.67,38.16,38.21,1596,2242,1881.03
120,0,1562,1562.45,338,338.38,114.63,586,616.0,0.95,49.16,43.91,12.0,11.64,4.1,3.77,1.49,85.33,87.46,1728,2546,2037.09
121,0,568,568.67,338,338.96,115.94,580,626.0,0.93,49.16,43.48,12.0,11.87,4.1,3.66,1.49,85.33,86.64,1654,2386,1917.76
122,0,1500,1500.68,330,330.3,85.84,408,429.0,0.95,35.34,30.29,13.0,11.64,2.72,2.6,2.01,115.11,115.54,1628,2260,1880.09
123,0,1188,1188.89,343,343.31,129.4,575,631.0,0.91,56.46,49.07,9.85,10.3,5.73,4.76,1.97,112.93,111.6,1611,2207,1844.75
124,0,424,424.51,336,336.88,89.98,447,470.0,0.95,36.62,31.64,13.04,12.12,2.81,2.61,2.53,145.01,141.23,1746,2569,2006.65
125,0,587,587.84,344,344.45,103.98,512,542.0,0.94,43.05,37.7,13.04,11.72,3.3,3.22,1.03,59.26,61.91,1675,2420,1942.12
126,0,1043,1044.0,344,344.54,101.01,481,512.0,0.94,41.76,36.79,12.65,11.34,3.3,3.24,1.28,73.3,73.7,1660,2287,1904.71
127,0,1955,1955.41,350,350.1,125.78,608,655.0,0.93,54.08,47.52,10.82,11.27,5.0,4.22,2.16,123.69,121.66,1605,2185,1838.68
128,0,488,488.1,340,340.8,71.11,312,328.0,0.95,27.73,24.03,12.08,11.15,2.3,2.16,2.02,115.64,111.42,1611,2306,1939.66
129,0,1366,1366.44,337,337.6,117.94,611,646.0,0.95,50.8,44.92,12.17,11.9,4.18,3.77,0.18,10.2,6.73,1675,2242,1898.35
130,0,90,90.04,342,342.42,99.7,478,506.0,0.94,42.2,37.12,12.17,11.18,3.47,3.32,0.24,13.71,8.76,1679,2327,1935.99
131,0,933,933.95,352,352.76,88.28,435,454.0,0.96,36.67,31.88,12.17,11.73,3.01,2.72,1.38,79.0,82.43,1679,2300,1900.05
132,0,175,175.37,358,358.68,132.57,652,707.0,0.92,57.01,50.76,10.77,11.43,5.29,4.44,0.38,21.61,19.57,1648,2312,1897.65
133,0,1549,1549.32,367,367.22,100.28,487,516.0,0.94,42.19,37.18,12.17,11.38,3.47,3.27,1.67,95.44,92.69,1704,2451,1956.82
134,0,407,407.12,369,369.4,115.88,557,594.0,0.94,49.19,43.87,11.18,11.24,4.4,3.9,1.11,63.43,61.85,1658,2327,1910.52
135,0,1000,1000.33,362,362.82,88.81,443,453.0,0.98,37.01,32.34,11.4,11.76,3.25,2.75,0.67,38.42,44.21,1640,2524,1945.17
136,0,202,202.58,367,367.17,107.88,535,573.0,0.93,46.86,40.22,10.0,11.78,4.69,3.41,0.88,50.19,49.54,1648,2335,1915.84
137,0,480,480.2,366,366.87,87.15,418,439.0,0.95,36.06,30.9,11.66,11.66,3.09,2.65,2.16,123.69,127.31,1665,2252,1901.23
138,0,544,544.23,366,366.71,94.77,462,487.0,0.95,39.56,34.24,12.37,11.64,3.2,2.94,2.86,163.86,166.38,1642,2272,1896.87
139,0,1651,1651.63,384,384.73,82.43,382,399.0,0.96,34.01,29.26,12.08,11.2,2.82,2.61,1.15,65.7,65.32,1594,2248,1861.15
140,0,1005,1005.29,385,385.3,147.2,779,840.0,0.93,63.56,56.4,10.77,12.31,5.9,4.58,0.42,24.15,25.26,1633,2548,1996.75
141,0,75,75.74,386,386.67,106.12,533,562.0,0.95,45.45,39.55,11.4,11.66,3.99,3.39,0.69,39.64,38.75,1635,2261,1875.24
142,0,1556,1556.26,402,402.45,143.64,713,775.0,0.92,62.63,55.25,10.77,11.42,5.81,4.84,1.23,70.41,71.17,1680,2340,1922.5
143,0,118,119.02,395,395.51,116.71,610,647.0,0.94,49.24,42.98,11.18,12.33,4.4,3.48,1.06,60.83,60.6,1640,2255,1878.6
144,0,972,972.13,384,384.68,86.08,419,439.0,0.95,34.89,29.94,12.53,11.98,2.78,2.5,0.48,27.3,28.62,1650,2562,1945.26
145,0,1337,1337.58,387,387.13,80.57,362,377.0,0.96,33.3,28.92,12.04,10.69,2.77,2.71,0.85,48.65,46.0,1628,2167,1857.69
146,0,997,997.7,403,403.87,113.64,566,603.0,0.94,48.3,42.33,11.18,11.64,4.32,3.64,0.47,27.1,27.85,1665,2497,2023.6
147,0,491,492.07,419,419.8,127.94,657,709.0,0.93,55.15,48.94,10.0,12.33,5.51,3.97,1.64,94.16,91.11,1653,2261,1896.04
148,0,1218,1218.69,404,404.87,78.67,339,362.0,0.94,32.8,27.14,12.81,10.72,2.56,2.53,2.49,142.43,144.39,1559,2138,1821.63
149,0,1637,1637.5,414,414.8,82.43,374,395.0,0.95,33.24,28.83,11.7,11.14,2.84,2.59,1.2,68.84,65.02,1610,2288,1887.46
150,0,1658,1658.69,427,427.47,113.94,577,617.0,0.94,49.5,43.08,11.18,11.61,4.43,3.71,1.43,81.87,83.03,1655,2302,1890.03
151,0,1421,1421.72,426,426.43,150.02,789,868.0,0.91,64.88,57.77,9.85,12.31,6.59,4.69,2.71,155.41,153.68,1598,2223,1848.89
152,0,605,605.73,438,438.76,105.84,510,538.0,0.95,44.94,39.18,11.7,11.32,3.84,3.46,1.93,110.85,108.76,1618,2230,1847.88
153,0,1159,1159.76,439,439.77,103.5,484,517.0,0.94,43.01,37.91,10.44,11.15,4.12,3.4,1.26,72.41,70.63,1601,2135,1851.86
154,0,307,307.5,437,438.85,174.75,913,1123.0,0.81,75.64,64.69,8.54,15.17,8.85,4.27,0.42,24.19,24.53,1612,2341,1882.59
155,0,141,141.52,440,440.55,88.67,410,432.0,0.95,36.72,31.11,12.53,11.33,2.93,2.74,1.06,60.64,60.71,1616,2239,1885.4
156,0,990,990.57,447,447.23,144.85,747,819.0,0.91,62.18,55.63,10.3,12.12,6.04,4.59,2.66,152.2,152.48,1598,2301,1882.51
157,0,429,430.03,451,451.18,100.18,482,510.0,0.95,41.98,36.86,11.18,11.36,3.75,3.24,1.35,77.62,77.37,1634,2255,1870.51
158,0,1291,1291.66,445,445.53,118.23,563,610.0,0.92,50.33,43.44,10.77,11.34,4.67,3.83,2.78,159.04,156.44,1576,2217,1849.74
159,0,461,461.51,457,457.88,127.3,642,705.0,0.91,54.23,47.4,10.77,12.39,5.04,3.82,1.17,67.22,65.44,1613,2278,1885.61
160,0,170,170.41,452,453.06,106.12,539,572.0,0.94,44.69,39.05,11.4,12.12,3.92,3.22,0.86,49.54,51.04,1658,2290,1880.05
161,0,536,535.98,445,445.8,122.43,652,696.0,0.94,51.97,46.23,12.17,12.45,4.27,3.71,2.95,168.91,169.01,1636,2239,1869.94
162,0,753,753.71,474,474.62,115.15,535,579.0,0.92,48.85,43.14,11.18,10.85,4.37,3.98,1.17,67.11,67.53,1611,2239,1889.64
163,0,1681,1681.17,479,479.7,132.23,666,721.0,0.92,56.92,50.13,11.7,11.73,4.86,4.27,1.25,71.57,70.06,1616,2196,1854.02
164,0,123,123.66,469,469.29,84.33,402,424.0,0.95,34.21,29.46,11.4,11.7,3.0,2.52,0.91,52.13,54.56,1632,2292,1877.96
165,0,701,701.33,474,474.77,74.67,337,358.0,0.94,28.6,25.03,12.81,11.64,2.23,2.15,2.21,126.47,136.45,1586,2170,1831.85
166,0,284,284.86,485,485.09,87.25,409,430.0,0.95,35.78,31.24,11.18,11.3,3.2,2.76,1.11,63.43,64.55,1626,2205,1849.87
167,0,811,811.73,479,479.42,102.67,484,517.0,0.94,42.72,37.58,10.77,11.23,3.97,3.35,2.78,159.44,158.95,1567,2167,1832.81
168,0,990,990.53,502,502.6,157.05,822,907.0,0.91,68.01,60.55,8.25,12.35,8.25,4.9,1.92,109.77,108.46,1623,2319,1889.3
169,0,390,390.26,491,491.93,93.84,448,473.0,0.95,38.63,33.68,12.65,11.51,3.05,2.92,1.94,111.25,111.46,1658,2347,1886.69
170,0,2028,2028.98,489,489.87,74.87,330,346.0,0.95,31.06,26.17,12.0,10.78,2.59,2.43,1.51,86.31,85.6,1610,2139,1836.88
171,0,1229,1230.07,501,500.77,118.77,505,574.0,0.88,51.62,45.1,8.25,10.44,6.26,4.32,1.73,98.91,97.6,1610,2115,1833.5
172,0,617,617.74,487,487.53,92.04,434,450.0,0.96,39.12,33.72,12.0,11.17,3.26,3.02,3.06,175.6,179.41,1586,2140,1829.61
173,0,725,725.9,491,491.18,77.84,352,377.0,0.93,30.53,26.17,11.66,11.5,2.62,2.28,2.59,148.39,150.56,1584,2236,1900.64
174,0,955,955.06,502,502.25,100.87,499,526.0,0.95,42.76,37.03,12.17,11.54,3.51,3.21,1.38,79.22,83.44,1625,2242,1886.53
175,0,769,769.91,506,506.75,117.94,563,609.0,0.92,51.2,45.34,10.2,10.9,5.02,4.16,1.79,102.41,99.2,1660,2241,1872.4
176,0,1606,1606.94,507,508.03,99.6,464,493.0,0.94,41.76,36.6,10.44,11.09,4.0,3.3,1.86,106.7,106.5,1504,2204,1825.52
177,0,1744,1744.26,508,508.09,81.5,411,429.0,0.96,32.2,27.75,14.42,12.68,2.23,2.19,2.2,126.16,125.01,1618,2462,1880.46
178,0,370,370.55,517,517.6,111.74,539,570.0,0.95,47.93,41.65,10.77,11.16,4.45,3.73,1.98,113.36,113.25,1646,2404,1894.96
179,0,232,231.81,522,522.32,131.64,632,718.0,0.88,56.3,49.12,9.49,11.98,5.93,4.1,1.92,109.72,109.58,1562,2164,1870.19
180,0,1925,1925.44,519,519.31,112.91,587,630.0,0.93,47.43,40.94,12.65,12.64,3.75,3.24,1.89,108.43,108.28,1647,2301,1857.57
181,0,1330,1330.56,514,514.07,75.25,350,365.0,0.96,30.61,26.2,11.4,11.46,2.68,2.29,2.24,128.37,132.38,1632,2252,1842.27
182,0,2021,2021.43,519,519.87,75.7,339,356.0,0.95,30.36,25.95,12.65,11.16,2.4,2.33,1.27,72.76,73.6,1641,2181,1857.98
183,0,404,404.15,528,528.53,96.18,472,500.0,0.94,39.56,34.58,12.65,11.83,3.13,2.92,1.85,106.14,104.62,1658,2475,1952.55
184,0,1956,1956.74,532,532.82,110.18,558,594.0,0.94,46.32,40.72,11.18,11.96,4.14,3.4,1.33,76.26,76.81,1611,2282,1874.14
185,0,390,390.69,536,536.07,93.11,441,467.0,0.94,38.64,33.63,12.17,11.34,3.18,2.97,1.75,100.44,101.03,1691,2483,1985.76
186,0,1749,1749.74,540,540.35,116.12,601,642.0,0.94,49.65,43.17,12.21,12.2,4.07,3.54,2.17,124.33,124.31,1678,2546,2009.4
187,0,1763,1763.33,534,534.88,83.25,398,422.0,0.94,33.6,28.64,12.81,11.93,2.62,2.4,2.21,126.53,124.16,1659,2423,1943.82
188,0,80,80.93,543,543.79,111.6,546,587.0,0.93,46.82,41.36,11.7,11.58,4.0,3.57,1.22,70.02,75.07,1649,2443,1939.69
189,0,50,50.89,536,536.22,99.4,498,521.0,0.96,41.68,36.09,12.53,11.91,3.33,3.03,2.61,149.74,148.3,1594,2557,1956.87
190,0,1351,1351.42,533,533.86,73.25,323,341.0,0.95,29.07,25.03,11.4,11.23,2.55,2.23,2.43,139.18,140.25,1634,2196,1853.84
191,0,192,192.85,540,540.73,114.37,533,565.0,0.94,50.8,43.69,10.0,10.57,5.08,4.14,2.51,143.81,143.75,1613,2183,1853.54
192,0,952,952.51,544,544.79,98.28,475,495.0,0.96,42.19,36.68,12.04,11.16,3.5,3.29,1.48,84.56,84.19,1629,2244,1890.23
193,0,575,575.61,551,551.0,138.51,701,787.0,0.89,60.22,53.35,8.6,12.28,7.0,4.34,2.19,125.54,128.15,1577,2230,1843.63
194,0,666,666.23,542,542.89,131.64,707,748.0,0.95,56.3,49.21,12.65,12.54,4.45,3.93,2.8,160.28,159.17,1604,2534,1895.78
195,0,980,980.59,554,554.47,90.87,428,453.0,0.94,37.11,33.19,11.18,11.23,3.32,2.95,1.82,104.04,100.89,1623,2368,1918.48
196,0,1522,1522.56,543,543.44,125.7,646,682.0,0.95,56.08,49.38,11.0,11.42,5.1,4.32,3.09,176.93,177.71,1606,2211,1857.41
197,0,437,437.19,576,576.57,169.74,882,991.0,0.89,75.13,67.36,9.22,12.15,8.15,5.54,1.4,80.04,79.08,1587,2326,1906.17
198,0,1739,1739.29,566,566.58,112.43,584,624.0,0.94,47.54,41.57,12.37,12.3,3.84,3.38,1.83,104.62,103.1,1629,2582,1923.77
199,0,43,44.05,552,553.0,129.84,679,721.0,0.94,56.29,49.62,12.37,12.09,4.55,4.11,2.93,167.69,169.04,1645,2603,1995.68
200,0,640,640.57,553,553.2,144.43,789,866.0,0.91,62.8,55.17,12.17,12.81,5.16,4.31,2.98,170.84,173.07,1570,2683,1976.24
201,0,1174,1174.34,561,561.59,157.25,847,975.0,0.87,68.03,59.39,10.0,13.77,6.8,4.31,3.11,178.32,0.7,1633,2349,1886.06
202,0,1780,1780.54,575,575.41,100.87,507,538.0,0.94,42.58,37.45,12.17,11.76,3.5,3.18,1.41,80.54,86.06,1601,2280,1863.8
203,0,402,402.56,571,571.62,91.74,443,468.0,0.95,37.59,32.48,12.53,11.69,3.0,2.78,2.07,118.61,119.38,1625,2446,1935.72
204,0,1597,1597.63,581,581.57,145.24,781,845.0,0.92,64.03,56.92,10.0,12.41,6.4,4.58,0.9,51.34,50.79,1616,2305,1861.44
205,0,1707,1707.58,571,571.73,96.47,501,513.0,0.98,40.46,35.13,12.81,12.32,3.16,2.85,2.27,129.99,135.11,1599,2301,1860.33
206,0,51,51.89,568,568.78,127.25,639,707.0,0.9,55.11,48.47,10.2,11.93,5.4,4.06,2.94,168.49,169.59,1724,2608,2032.48
207,0,1075,1076.01,566,566.57,141.11,764,819.0,0.93,62.29,55.67,11.05,12.13,5.64,4.59,0.1,5.53,3.89,1626,2431,1893.85
208,0,1935,1935.41,593,593.57,149.94,766,860.0,0.89,65.49,58.8,9.06,12.21,7.23,4.82,1.45,82.98,86.51,1604,2208,1852.1
209,0,421,421.81,582,582.94,97.36,438,475.0,0.92,40.61,35.62,11.18,10.71,3.63,3.33,1.4,80.07,81.07,1636,2345,1945.19
210,0,645,645.9,569,569.61,146.77,799,862.0,0.93,64.28,57.29,11.05,12.53,5.82,4.57,0.09,5.36,3.45,1680,2685,1984.4
211,0,1987,1987.23,582,582.41,82.53,386,408.0,0.95,33.24,28.66,11.4,11.56,2.92,2.48,1.3,74.29,75.42,1634,2427,1896.32
212,0,969,969.47,585,585.68,101.05,468,493.0,0.95,43.05,37.43,11.66,10.77,3.69,3.47,2.11,120.74,122.17,1674,2513,1944.09
213,0,346,346.21,583,583.57,139.3,740,809.0,0.91,59.24,52.61,10.77,12.73,5.5,4.13,2.76,158.2,157.68,1603,2471,1903.84
214,0,2002,2002.24,587,587.94,97.15,490,516.0,0.95,40.25,34.78,12.53,12.16,3.21,2.86,1.11,63.43,61.52,1645,2544,1930.44
215,0,1128,1128.72,587,587.91,119.2,621,662.0,0.94,50.8,45.25,12.21,12.14,4.16,3.73,0.63,36.19,37.45,1691,2564,1982.38
216,0,988,988.05,589,589.81,91.11,434,460.0,0.94,37.0,32.92,11.7,11.5,3.16,2.86,1.9,108.92,102.17,1642,2485,1943.2
217,0,33,33.48,588,588.37,84.08,382,403.0,0.95,34.67,29.64,11.66,11.0,2.97,2.69,2.15,123.23,120.56,1617,2413,1929.86
218,0,1098,1097.99,586,586.76,122.91,623,669.0,0.93,52.2,45.77,11.7,11.85,4.46,3.86,0.29,16.7,16.14,1676,2534,1973.21
219,0,1332,1332.51,611,611.7,162.31,892,974.0,0.92,70.46,63.11,10.0,12.75,7.05,4.95,2.54,145.41,145.09,1632,2296,1866.4
220,0,357,357.04,605,605.38,118.95,622,660.0,0.94,50.25,44.32,13.04,12.22,3.85,3.63,2.6,148.84,148.8,1668,2571,2001.5
221,0,300,300.86,608,608.26,89.84,444,464.0,0.96,37.16,31.75,12.08,11.97,3.08,2.65,1.99,113.81,114.11,1601,2393,1895.88
222,0,337,337.46,609,609.8,103.15,496,525.0,0.94,43.42,37.84,12.53,11.4,3.47,3.32,2.64,151.07,151.59,1716,2512,2024.54
223,0,1980,1980.63,614,614.55,80.28,354,375.0,0.94,33.14,28.41,11.05,10.68,3.0,2.66,1.48,84.81,82.87,1626,2221,1902.25
224,0,1089,1089.61,608,608.52,139.6,723,785.0,0.92,60.83,53.91,11.18,11.95,5.44,4.51,2.98,170.54,170.53,1658,2558,1962.41
225,0,1401,1401.54,623,623.01,118.67,605,650.0,0.93,50.29,44.38,11.7,12.01,4.3,3.7,1.87,107.35,105.83,1628,2353,1859.23
226,0,626,626.4,612,612.28,102.33,504,543.0,0.93,42.15,36.71,13.0,12.05,3.24,3.05,0.39,22.31,21.35,1607,2220,1849.16
227,0,1810,1810.66,612,612.08,99.5,469,497.0,0.94,41.59,36.36,11.66,11.19,3.57,3.25,0.47,27.18,25.16,1594,2442,1863.55
228,0,1198,1198.92,637,637.8,167.74,897,1014.0,0.88,73.5,65.75,10.2,12.74,7.21,5.16,1.31,75.02,77.06,1594,2316,1880.59
229,0,54,54.24,619,619.12,92.91,453,473.0,0.96,38.83,33.55,11.66,11.61,3.33,2.89,2.17,124.51,120.99,1650,2234,1894.49
230,0,289,289.55,625,625.5,97.7,484,515.0,0.94,40.61,35.55,13.15,11.76,3.09,3.02,1.74,99.93,97.43,1657,2403,1910.34
231,0,706,706.02,620,619.97,105.98,521,556.0,0.94,43.46,38.66,12.08,11.82,3.6,3.27,2.74,156.97,153.59,1587,2254,1841.3
232,0,970,970.7,628,628.23,114.02,606,632.0,0.96,49.58,43.76,10.63,12.23,4.66,3.58,0.73,41.73,42.97,1620,2357,1903.23
233,0,1819,1819.99,633,633.21,118.85,634,670.0,0.95,50.93,44.76,12.73,12.35,4.0,3.62,0.81,46.59,45.33,1622,2344,1890.94
234,0,324,324.28,636,636.64,88.57,441,462.0,0.95,36.06,31.19,13.04,12.13,2.77,2.57,2.55,146.31,142.73,1695,2523,1968.36
235,0,1459,1459.15,634,634.97,90.08,440,467.0,0.94,36.72,31.69,11.18,11.93,3.28,2.66,0.51,29.36,27.3,1616,2201,1842.3
236,0,27,27.53,645,645.1,99.4,504,530.0,0.95,41.4,35.48,11.4,12.22,3.63,2.9,0.92,52.85,54.67,1605,2350,1898.34
237,0,358,358.56,653,653.89,114.18,578,629.0,0.92,48.27,42.83,11.18,11.95,4.32,3.58,1.8,103.17,101.19,1687,2543,2007.66
238,0,1055,1055.17,639,639.76,121.94,639,683.0,0.94,52.15,46.06,12.0,12.21,4.35,3.77,0.08,4.4,3.21,1583,2273,1868.61
239,0,373,372.78,663,663.54,134.18,712,807.0,0.88,57.71,50.42,11.18,13.51,5.16,3.73,1.73,98.97,95.4,1625,2563,1952.07
240,0,1617,1616.99,655,655.94,113.54,594,629.0,0.94,48.55,42.54,11.66,12.26,4.16,3.47,2.58,147.62,145.42,1597,2247,1829.98
241,0,1383,1383.78,650,650.83,86.18,422,444.0,0.95,34.54,30.14,12.65,12.05,2.73,2.5,2.76,157.89,161.9,1632,2546,1916.63
242,0,1334,1334.29,667,667.4,149.82,784,884.0,0.89,65.44,56.98,7.81,13.12,8.38,4.34,0.68,38.8,39.01,1616,2310,1911.57
243,0,818,818.08,672,672.91,126.37,633,683.0,0.93,53.85,47.26,11.66,11.88,4.62,3.98,2.12,121.33,120.51,1619,2239,1856.17
245,0,331,331.41,667,667.78,108.81,562,592.0,0.95,45.65,39.98,12.53,12.21,3.64,3.28,0.5,28.81,27.82,1642,2685,1987.76
246,0,723,723.85,664,664.09,96.28,469,495.0,0.95,40.26,35.06,11.4,11.52,3.53,3.04,2.89,165.62,169.78,1617,2222,1842.63
247,0,1385,1385.84,667,667.32,103.7,525,552.0,0.95,43.19,37.94,12.04,12.12,3.59,3.13,0.09,5.31,1.67,1654,2573,1934.71
248,0,1096,1096.66,680,680.53,114.02,609,644.0,0.95,48.92,42.82,12.81,12.53,3.82,3.42,0.71,40.86,42.27,1617,2413,1894.56
249,0,533,534.04,680,680.49,96.81,493,519.0,0.95,40.5,34.97,13.04,12.26,3.11,2.85,1.0,57.09,54.71,1590,2212,1835.0
250,0,1213,1213.66,683,683.12,103.54,536,564.0,0.95,43.6,38.68,12.21,12.07,3.57,3.2,0.93,53.39,50.69,1563,2279,1867.16
251,0,1293,1293.96,672,672.97,104.87,541,570.0,0.95,44.15,39.11,12.37,12.04,3.57,3.25,0.23,13.09,7.07,1645,2325,1878.83
252,0,330,330.85,685,685.14,130.71,690,735.0,0.94,55.95,49.46,10.77,12.22,5.19,4.05,0.42,24.27,24.95,1705,2650,2028.51
253,0,173,173.82,696,696.83,104.33,515,545.0,0.94,43.86,38.08,12.08,11.75,3.63,3.24,0.42,24.23,24.31,1644,2294,1861.73
254,0,632,632.4,711,711.74,126.02,641,685.0,0.94,53.82,47.86,11.4,11.79,4.72,4.06,2.18,125.17,125.04,1596,2229,1845.24
255,0,58,58.53,715,715.37,113.21,550,564.0,0.98,50.16,44.73,11.0,10.65,4.56,4.2,1.49,85.43,89.14,1617,2247,1869.47
256,0,786,786.34,711,711.7,137.58,737,792.0,0.93,60.0,52.9,11.4,12.3,5.26,4.3,2.5,143.13,143.17,1581,2289,1862.22
257,0,2017,2017.09,715,715.14,118.12,619,660.0,0.94,49.93,43.95,11.66,12.34,4.28,3.56,2.14,122.74,122.2,1592,2247,1833.59
258,0,908,908.34,707,707.46,146.33,746,817.0,0.91,64.03,56.87,10.2,11.83,6.28,4.81,2.89,165.53,166.96,1600,2454,1895.5
259,0,1113,1113.63,706,706.72,98.67,477,503.0,0.95,40.85,35.77,11.7,11.56,3.49,3.09,0.38,21.54,21.02,1658,2357,1889.2
260,0,1064,1064.2,717,717.12,114.71,586,630.0,0.93,49.41,42.43,11.4,12.15,4.33,3.49,0.94,54.06,53.31,1643,2605,1953.67
261,0,1510,1510.15,720,720.48,114.67,602,638.0,0.94,48.51,42.47,11.4,12.4,4.25,3.42,1.32,75.68,75.04,1569,2196,1841.7
262,0,318,318.83,716,717.05,112.37,604,642.0,0.94,47.51,41.58,12.81,12.99,3.71,3.2,0.86,49.27,47.78,1635,2580,1973.53
263,0,149,149.19,721,721.67,97.98,488,512.0,0.95,40.0,35.41,12.81,12.03,3.12,2.94,2.21,126.87,123.32,1577,2270,1856.76
264,0,348,348.82,734,734.43,127.36,709,755.0,0.94,54.59,48.59,12.17,12.82,4.49,3.79,1.72,98.43,97.09,1612,2623,1944.46
266,0,325,325.5,732,732.46,106.23,551,582.0,0.95,44.65,38.67,13.04,12.34,3.42,3.13,0.98,55.95,57.24,1682,2596,2017.56
267,0,1077,1077.75,726,726.51,99.64,499,524.0,0.95,41.4,36.15,11.4,11.93,3.63,3.03,0.65,37.15,35.17,1658,2571,1999.15
268,0,906,906.39,725,725.87,137.84,749,801.0,0.94,59.68,52.8,12.17,12.46,4.91,4.24,2.99,171.33,170.46,1681,2547,1943.12
269,0,848,848.61,729,729.75,135.98,723,767.0,0.94,58.52,51.12,11.7,12.29,5.0,4.16,0.35,19.98,18.29,1555,2294,1887.07
270,0,1163,1163.63,733,733.3,85.36,386,411.0,0.94,34.93,30.05,12.08,11.02,2.89,2.73,1.98,113.63,110.58,1603,2335,1876.28
271,0,1225,1225.74,734,734.04,135.78,724,777.0,0.93,58.14,51.68,11.18,12.46,5.2,4.15,2.68,153.43,151.81,1625,2250,1847.81
272,0,40,40.16,738,738.37,111.2,566,585.0,0.97,47.51,42.15,12.81,11.65,3.71,3.62,2.28,130.73,133.42,1617,2273,1899.76
273,0,525,525.41,729,729.41,88.28,436,461.0,0.95,36.22,31.57,12.17,11.98,2.98,2.64,0.11,6.34,3.75,1613,2189,1842.68
274,0,434,434.47,750,750.36,128.41,677,715.0,0.95,56.4,49.87,11.4,11.88,4.95,4.2,2.49,142.93,138.53,1596,2270,1858.69
275,0,1042,1042.97,743,743.49,146.91,815,880.0,0.93,62.82,56.04,12.37,13.0,5.08,4.31,2.9,166.18,168.28,1645,2531,1944.15
276,0,604,604.85,743,743.64,98.33,490,515.0,0.95,40.85,35.31,12.65,12.0,3.23,2.94,2.77,158.46,156.23,1567,2264,1847.28
277,0,560,560.91,752,752.51,97.98,498,526.0,0.95,40.31,35.07,12.53,12.25,3.22,2.86,2.62,150.26,149.54,1622,2284,1866.82
278,0,1911,1911.2,754,754.27,130.12,692,746.0,0.93,55.54,48.44,12.08,12.5,4.6,3.88,0.41,23.33,25.91,1607,2260,1853.05
279,0,998,998.33,753,752.98,117.74,626,667.0,0.94,49.4,43.71,12.65,12.65,3.91,3.46,2.77,158.63,160.02,1621,2391,1876.03
280,0,1136,1136.88,749,749.32,103.36,541,576.0,0.94,42.95,37.9,12.17,12.51,3.53,3.03,0.21,12.09,9.52,1573,2355,1873.38
281,0,1551,1551.32,761,761.54,79.11,374,392.0,0.95,31.78,27.36,12.17,11.69,2.61,2.34,1.35,77.28,77.24,1521,2214,1819.62
282,0,233,233.5,763,762.99,128.81,690,738.0,0.93,54.23,48.12,13.42,12.58,4.04,3.83,2.74,157.22,158.11,1581,2265,1865.8
283,0,1174,1174.91,764,764.44,82.18,386,408.0,0.95,32.7,28.27,12.08,11.72,2.71,2.41,1.98,113.43,110.63,1608,2277,1856.44
284,0,318,318.67,773,774.08,143.82,813,884.0,0.92,63.13,55.81,10.0,13.37,6.31,4.18,0.71,40.5,40.82,1623,2326,1908.21
285,0,770,770.0,777,777.91,101.98,498,526.0,0.95,42.72,37.26,11.66,11.58,3.66,3.22,1.0,57.43,59.18,1625,2247,1851.73
286,0,1505,1505.1,779,779.74,101.84,497,534.0,0.93,42.38,36.81,11.7,11.75,3.62,3.13,1.91,109.29,108.94,1585,2227,1819.96
287,0,159,159.72,772,772.48,91.5,444,469.0,0.95,38.01,32.18,13.42,11.8,2.83,2.73,2.68,153.43,152.03,1602,2277,1859.34
288,0,483,483.74,788,788.63,99.74,494,526.0,0.94,40.72,35.7,12.08,11.98,3.37,2.98,2.0,114.68,116.4,1557,2206,1844.61
289,0,1434,1434.86,789,789.21,95.4,466,489.0,0.95,39.2,34.23,11.4,11.75,3.44,2.91,2.23,127.75,124.79,1581,2172,1816.77
290,0,1688,1688.37,779,779.39,116.53,584,628.0,0.93,49.65,44.09,11.18,11.69,4.44,3.77,2.98,170.73,173.61,1596,2270,1826.16
291,0,1032,1032.39,782,782.45,99.7,507,533.0,0.95,41.23,36.44,12.37,12.05,3.33,3.02,0.24,14.04,10.03,1556,2334,1864.16
292,0,1544,1544.84,791,791.32,73.46,334,348.0,0.96,28.64,24.91,12.17,11.47,2.35,2.17,1.36,77.91,77.71,1646,2187,1838.44
293,0,190,190.91,792,792.95,90.23,451,473.0,0.95,36.88,32.23,12.81,12.04,2.88,2.68,2.43,139.4,137.93,1627,2275,1894.14
294,0,954,954.47,791,791.69,133.84,729,790.0,0.92,57.27,50.91,12.17,12.81,4.71,3.97,2.93,167.91,169.16,1643,2473,1901.65
295,0,790,790.69,804,804.65,108.43,535,572.0,0.94,46.17,39.96,11.4,11.67,4.05,3.42,1.26,72.35,74.95,1640,2225,1873.19
296,0,402,402.4,799,799.13,109.3,547,588.0,0.93,46.32,40.71,11.66,11.89,3.97,3.42,0.57,32.66,34.45,1641,2328,1864.05
297,0,851,851.33,807,807.21,112.71,598,626.0,0.96,47.71,41.93,11.66,12.39,4.09,3.39,0.99,56.98,55.15,1609,2331,1883.67
298,0,675,675.68,829,829.21,149.6,811,889.0,0.91,64.63,57.76,11.18,12.79,5.78,4.51,1.71,98.0,94.76,1613,2290,1869.99
299,0,942,942.19,805,805.6,113.7,606,657.0,0.92,47.68,42.39,12.17,12.85,3.92,3.3,2.97,170.34,175.61,1645,2523,1959.22
300,0,1125,1125.36,814,814.54,121.3,671,711.0,0.94,51.0,44.89,13.42,13.14,3.8,3.42,0.49,28.07,29.02,1559,2262,1849.78
301,0,274,274.67,809,809.1,131.7,724,771.0,0.94,57.22,51.86,12.17,12.38,4.7,4.19,3.05,174.99,0.14,1626,2525,1901.31
302,0,640,640.44,827,827.74,112.18,564,607.0,0.93,47.85,42.07,12.17,11.73,3.93,3.59,1.38,79.16,81.65,1562,2255,1850.22
303,0,1455,1455.17,820,820.73,88.67,434,455.0,0.95,36.36,31.49,11.66,11.85,3.12,2.66,2.12,121.5,119.68,1606,2184,1831.83
304,0,1060,1060.93,831,831.74,117.98,612,652.0,0.94,49.98,43.66,11.7,12.27,4.27,3.56,1.22,70.11,69.04,1633,2295,1860.15
305,0,1774,1774.88,824,824.1,87.5,423,450.0,0.94,33.84,29.97,13.6,12.18,2.49,2.46,1.9,108.97,118.35,1587,2250,1823.04
306,0,1958,1958.33,826,826.4,90.28,456,482.0,0.95,37.05,31.89,13.0,12.24,2.85,2.61,1.62,93.09,89.35,1610,2429,1891.75
307,0,214,214.8,823,823.51,94.81,456,483.0,0.94,38.59,34.07,11.66,11.72,3.31,2.91,2.6,148.78,146.07,1667,2298,1911.48
308,0,984,984.33,817,817.67,112.28,603,634.0,0.95,48.26,42.22,12.17,12.4,3.97,3.41,0.1,5.95,2.33,1631,2438,1924.24
309,0,382,382.46,836,836.44,140.07,761,814.0,0.93,61.55,54.57,11.31,12.37,5.44,4.41,0.75,43.03,41.17,1633,2408,1895.1
310,0,523,523.7,837,837.03,123.44,659,693.0,0.95,53.0,46.83,11.66,12.41,4.54,3.77,2.13,121.89,124.86,1600,2354,1871.29
311,0,1702,1702.93,829,829.46,155.98,851,964.0,0.88,67.72,59.51,10.44,13.58,6.49,4.38,0.28,16.29,14.73,1554,2336,1871.7
312,0,1842,1842.13,842,842.53,125.11,707,756.0,0.94,53.6,47.75,12.17,13.07,4.41,3.65,1.42,81.42,85.78,1601,2296,1843.11
313,0,252,252.31,827,827.11,111.84,599,635.0,0.94,47.13,40.81,12.65,12.7,3.73,3.21,2.84,162.72,165.86,1658,2544,1961.9
314,0,808,808.7,839,839.19,106.08,525,557.0,0.94,44.01,38.72,11.7,11.83,3.76,3.27,1.2,68.68,70.19,1630,2530,1939.68
315,0,1940,1940.81,841,841.85,82.43,390,410.0,0.95,33.62,28.68,13.0,11.62,2.59,2.47,1.17,67.25,66.32,1603,2378,1895.05
316,0,824,824.11,846,846.19,106.47,585,610.0,0.96,45.22,38.74,13.6,12.98,3.32,2.98,0.96,54.9,53.39,1629,2587,2002.99
317,0,1028,1028.05,844,844.83,86.18,412,435.0,0.95,34.54,30.08,12.65,11.75,2.73,2.56,1.18,67.89,70.18,1635,2339,1885.0
318,0,243,243.52,847,847.1,95.05,481,504.0,0.95,39.05,34.4,11.4,12.15,3.43,2.83,2.27,129.81,132.47,1666,2575,1929.44
319,0,1003,1003.07,844,844.94,82.91,403,418.0,0.96,34.06,29.15,11.4,11.88,2.99,2.45,2.27,130.24,134.38,1600,2404,1930.12
320,0,418,418.04,854,854.35,106.18,544,576.0,0.94,44.15,38.92,12.17,12.13,3.63,3.21,1.34,76.91,77.18,1562,2285,1848.28
321,0,893,893.8,862,863.02,118.77,611,656.0,0.93,51.24,44.53,11.05,12.1,4.64,3.68,1.47,84.4,84.52,1610,2289,1857.04
322,0,1788,1788.63,853,853.57,85.01,418,440.0,0.95,33.96,29.02,13.34,12.45,2.55,2.33,1.81,103.63,108.21,1640,2227,1853.56
323,0,1673,1673.85,856,856.56,87.01,425,448.0,0.95,35.85,30.59,13.0,11.95,2.76,2.56,1.97,112.99,111.48,1636,2336,1879.36
324,0,16,17.03,868,868.62,125.01,650,698.0,0.93,53.76,47.49,12.17,11.98,4.42,3.96,1.4,80.36,79.31,1586,2328,1880.19
325,0,838,838.09,858,858.39,112.47,605,634.0,0.95,47.51,41.19,13.04,12.7,3.64,3.24,0.53,30.34,30.74,1651,2727,1949.71
326,0,1964,1964.94,863,863.2,94.77,463,491.0,0.94,38.9,33.71,12.65,11.88,3.08,2.84,1.88,107.97,106.61,1619,2360,1902.6
327,0,1141,1141.17,867,868.14,132.99,711,770.0,0.92,57.63,50.69,10.0,12.63,5.76,4.01,0.67,38.66,40.78,1578,2512,1877.42
328,0,1167,1167.77,867,866.97,88.77,435,457.0,0.95,36.06,31.22,12.65,12.0,2.85,2.6,1.23,70.56,72.41,1619,2507,1916.5
329,0,1207,1206.85,869,868.92,139.68,753,849.0,0.89,59.68,51.84,11.66,13.54,5.12,3.83,0.55,31.29,31.58,1574,2286,1861.91
330,0,317,317.48,876,876.64,126.37,657,717.0,0.92,54.2,47.74,10.3,12.42,5.26,3.84,1.05,60.12,59.22,1574,2328,1879.59
331,0,954,954.21,862,862.55,118.67,621,670.0,0.93,50.01,44.0,12.17,12.47,4.11,3.53,0.2,11.53,10.98,1609,2320,1872.46
332,0,986,986.4,874,874.53,111.54,587,616.0,0.95,48.01,42.07,12.21,12.18,3.93,3.46,0.95,54.32,52.86,1619,2397,1912.24
333,0,773,773.24,886,886.33,161.48,872,941.0,0.93,71.28,64.05,11.66,12.18,6.11,5.26,0.98,55.86,55.67,1581,2356,1879.11
334,0,496,496.77,871,871.06,124.77,665,702.0,0.95,53.6,47.38,12.37,12.17,4.33,3.89,2.9,165.96,169.24,1556,2250,1870.33
336,0,679,679.34,896,896.36,144.77,793,849.0,0.93,64.38,56.54,12.17,12.52,5.29,4.51,1.46,83.76,85.9,1591,2265,1859.21
337,0,42,42.61,884,884.32,101.15,514,540.0,0.95,41.88,36.58,13.04,12.15,3.21,3.01,0.99,56.69,60.33,1629,2282,1881.08
338,0,570,570.81,883,883.62,194.95,1048,1178.0,0.89,85.62,76.49,9.22,12.56,9.29,6.09,2.89,165.8,164.26,1588,2351,1879.86
339,0,1686,1686.15,890,890.16,87.84,431,448.0,0.96,36.25,31.28,13.42,11.82,2.7,2.65,2.0,114.44,114.28,1530,2241,1840.9
340,0,1154,1154.71,900,900.06,87.84,426,451.0,0.94,34.93,30.4,12.08,12.1,2.89,2.51,1.16,66.37,65.89,1624,2286,1871.27
341,0,1976,1976.26,903,903.1,112.37,573,608.0,0.94,48.27,41.91,11.4,12.0,4.23,3.49,0.7,39.96,40.06,1653,2327,1873.92
342,0,453,453.89,910,910.85,88.77,417,438.0,0.95,36.69,31.7,12.65,11.29,2.9,2.81,1.27,72.55,72.49,1624,2246,1860.25
343,0,278,278.83,918,918.2,120.61,616,659.0,0.93,51.04,45.25,12.21,11.94,4.18,3.79,0.97,55.38,55.74,1606,2229,1857.56
344,0,1922,1922.35,927,927.55,171.14,908,1057.0,0.86,74.4,65.03,9.43,13.63,7.89,4.77,0.94,53.75,53.73,1533,2298,1861.32
345,0,357,357.37,907,907.29,106.18,557,591.0,0.94,44.15,38.76,13.34,12.52,3.31,3.1,2.91,166.91,167.82,1585,2427,1875.42
346,0,1562,1562.81,920,920.78,138.17,764,824.0,0.93,60.44,53.58,10.0,12.7,6.04,4.22,2.46,141.04,140.11,1569,2256,1835.28
348,0,72,72.14,925,925.42,120.47,629,667.0,0.94,51.43,45.02,12.08,12.17,4.26,3.7,2.03,116.57,117.79,1583,2245,1856.65
349,0,160,160.44,925,925.05,135.34,729,776.0,0.94,60.0,52.9,11.4,12.27,5.26,4.31,2.5,143.13,142.02,1569,2289,1857.22
350,0,1756,1756.69,913,913.69,127.36,683,734.0,0.93,54.59,48.65,12.17,12.58,4.49,3.87,2.99,171.57,174.41,1567,2259,1839.43
351,0,371,372.02,934,934.15,120.02,646,683.0,0.95,52.01,45.36,11.4,12.56,4.56,3.61,2.48,142.03,140.46,1642,2390,1916.6
352,0,1002,1003.01,935,935.88,137.3,748,800.0,0.94,59.24,51.99,12.08,12.69,4.9,4.1,0.38,21.8,22.96,1601,2287,1848.26
353,0,440,440.17,942,942.38,83.5,398,417.0,0.95,33.62,29.05,12.08,11.74,2.78,2.48,1.17,67.25,60.01,1584,2269,1874.34
354,0,407,407.56,953,953.99,135.2,743,804.0,0.92,57.31,50.86,12.53,13.13,4.57,3.87,2.08,119.25,120.78,1628,2526,1919.47
355,0,526,526.19,947,947.21,113.5,581,615.0,0.94,47.93,42.02,12.08,12.0,3.97,3.5,0.41,23.36,21.3,1589,2286,1861.02
356,0,1854,1854.01,947,947.19,87.7,447,467.0,0.96,36.06,30.47,14.0,12.53,2.58,2.43,3.09,176.82,178.97,1580,2354,1872.24
357,0,1818,1818.8,950,950.83,86.28,420,443.0,0.95,35.51,30.55,13.15,11.76,2.7,2.6,0.17,9.73,5.21,1613,2346,1883.48
359,0,715,715.08,972,972.83,121.6,586,631.0,0.93,52.39,46.77,11.18,11.04,4.69,4.24,1.34,76.76,79.03,1579,2193,1840.97
360,0,148,148.3,976,976.23,130.85,706,780.0,0.91,55.61,48.95,11.4,13.35,4.88,3.67,2.23,127.69,127.09,1579,2515,1886.35
361,0,1786,1786.28,977,977.34,107.6,550,584.0,0.94,44.91,39.22,13.15,12.19,3.41,3.22,1.77,101.56,98.0,1583,2634,1900.59
362,0,484,484.13,971,971.96,117.54,614,652.0,0.94,50.0,43.52,12.21,12.36,4.1,3.52,0.64,36.87,35.31,1556,2398,1881.13
363,0,918,918.06,967,967.75,80.33,385,403.0,0.96,31.76,27.98,12.53,11.91,2.54,2.35,0.49,28.18,35.35,1578,2587,1917.06
364,0,1586,1586.53,977,977.3,116.23,593,641.0,0.93,48.76,42.91,12.53,12.1,3.89,3.55,2.06,118.14,115.97,1568,2239,1819.05
365,0,1151,1151.56,975,975.74,114.85,598,626.0,0.96,50.25,44.03,12.73,11.98,3.95,3.68,2.31,132.58,135.3,1608,2445,1862.35
366,0,1098,1098.83,971,970.99,104.91,527,558.0,0.94,44.01,38.1,12.65,11.98,3.48,3.18,2.77,158.68,158.11,1582,2303,1855.94
367,0,1239,1239.52,978,978.27,102.95,531,548.0,0.97,44.55,38.92,11.31,11.83,3.94,3.29,2.34,134.09,133.95,1561,2286,1820.73
368,0,1805,1805.59,982,982.15,105.5,539,562.0,0.96,44.6,38.75,12.65,12.03,3.53,3.22,1.91,109.65,109.41,1639,2551,1979.21
369,0,1882,1882.48,976,976.0,82.77,412,429.0,0.96,33.24,28.53,12.65,12.4,2.63,2.3,1.2,68.84,71.31,1603,2286,1848.93
370,0,1128,1128.97,983,983.33,106.18,561,592.0,0.95,44.38,38.91,12.37,12.52,3.59,3.11,1.82,104.35,102.33,1631,2450,1893.69
371,0,761,761.07,969,969.85,92.28,458,477.0,0.96,38.47,33.71,12.17,11.73,3.16,2.87,2.98,171.03,176.56,1597,2247,1836.23
372,0,407,408.02,996,996.34,149.05,774,849.0,0.91,64.62,57.48,8.54,12.28,7.56,4.68,1.95,111.8,109.31,1570,2471,1883.9
373,0,1751,1751.67,993,993.33,138.07,778,815.0,0.95,60.96,54.15,12.81,12.65,4.76,4.28,2.29,131.01,132.03,1528,2310,1840.69
374,0,1840,1840.22,999,1000.04,134.08,704,767.0,0.92,57.72,50.72,11.4,12.51,5.06,4.06,1.33,75.96,76.72,1645,2551,1939.61
375,0,122,122.89,985,985.25,121.98,629,674.0,0.93,51.26,45.35,11.7,12.17,4.38,3.73,2.78,159.44,157.71,1649,2483,1899.8
376,0,515,515.73,996,996.87,128.61,672,718.0,0.94,55.07,48.64,11.18,12.21,4.93,3.98,2.08,119.36,121.13,1592,2289,1861.29
377,0,891,891.92,984,984.88,84.5,400,427.0,0.94,32.7,28.93,13.0,11.98,2.52,2.41,0.41,23.43,30.75,1650,2587,1938.54
378,0,931,931.22,985,985.73,146.08,796,864.0,0.92,63.56,56.11,12.37,12.53,5.14,4.48,0.22,12.72,11.75,1633,2675,1994.92
380,0,2009,2010.04,998,998.52,123.34,681,716.0,0.95,53.26,47.63,11.4,12.59,4.67,3.78,0.88,50.33,47.93,1604,2333,1883.86
381,0,355,355.53,1003,1003.41,116.95,596,631.0,0.94,49.65,43.68,11.66,11.87,4.26,3.68,2.17,124.33,123.38,1555,2257,1834.4
382,0,453,453.42,999,999.28,91.01,459,480.0,0.96,37.34,32.24,12.65,12.26,2.95,2.63,1.93,110.38,109.44,1591,2261,1853.34
383,0,57,57.44,992,992.09,119.01,632,668.0,0.95,51.2,44.81,12.17,12.26,4.21,3.66,0.22,12.41,11.04,1619,2291,1903.07
384,0,1823,1823.27,1010,1010.37,128.43,675,743.0,0.91,54.34,48.19,11.18,12.64,4.86,3.81,1.35,77.24,80.22,1626,2577,1960.33
385,0,1257,1257.61,1001,1001.6,120.57,617,657.0,0.94,51.08,44.97,12.08,12.0,4.23,3.75,0.4,23.05,22.0,1593,2363,1850.96
386,0,1383,1383.16,1001,1001.43,130.81,687,725.0,0.95,56.65,49.31,11.7,12.11,4.84,4.07,2.78,159.33,159.23,1581,2299,1822.46
387,0,931,931.85,999,999.81,103.36,497,533.0,0.93,43.42,38.39,11.4,11.3,3.81,3.4,0.26,14.68,11.84,1680,2576,2010.64
388,0,207,207.58,1009,1009.9,90.81,462,476.0,0.97,37.64,32.81,12.81,12.11,2.94,2.71,0.69,39.61,43.56,1635,2242,1847.55
389,0,890,890.37,1003,1003.22,94.28,464,487.0,0.95,40.05,34.67,12.0,11.6,3.34,2.99,3.09,177.14,177.57,1649,2725,1971.0
390,0,1438,1438.77,1009,1009.09,124.28,679,694.0,0.98,55.08,48.25,13.0,12.31,4.24,3.92,0.05,3.12,0.14,1541,2294,1858.11
391,0,1495,1495.86,1017,1017.9,134.33,722,766.0,0.94,57.49,50.9,13.34,12.41,4.31,4.1,2.91,166.93,166.05,1590,2554,1900.24
392,0,1967,1967.23,1031,1031.19,127.2,695,737.0,0.94,53.85,47.4,11.66,12.85,4.62,3.69,0.55,31.33,31.76,1623,2364,1879.26
393,0,1547,1547.43,1039,1039.32,132.85,715,762.0,0.94,56.6,50.67,11.66,12.41,4.85,4.08,2.58,147.99,147.45,1598,2551,1854.84
394,0,440,439.98,1049,1049.78,130.91,687,742.0,0.93,54.92,48.57,12.17,12.47,4.51,3.89,1.39,79.51,78.48,1603,2270,1853.64
395,0,493,493.39,1039,1039.67,97.3,514,535.0,0.96,40.61,35.72,12.81,12.41,3.17,2.88,0.66,38.0,43.96,1554,2356,1864.12
396,0,1458,1458.08,1033,1033.92,129.6,696,748.0,0.93,55.9,49.47,12.17,12.41,4.6,3.99,0.18,10.3,9.83,1554,2555,1913.48
397,0,1506,1507.0,1036,1036.83,105.74,524,552.0,0.95,44.38,38.92,11.7,11.71,3.79,3.32,2.75,157.48,156.29,1670,2622,1976.53
398,0,1735,1735.56,1052,1052.51,145.82,787,859.0,0.92,62.68,56.54,10.82,12.6,5.79,4.49,2.16,123.94,125.59,1569,2405,1844.17
399,0,1894,1894.55,1047,1047.68,81.5,401,420.0,0.95,32.25,27.74,13.42,12.4,2.4,2.24,1.05,60.26,58.28,1633,2276,1854.47
400,0,169,169.77,1048,1048.44,106.57,549,583.0,0.94,43.86,38.35,13.42,12.4,3.27,3.09,2.72,155.77,152.51,1601,2356,1869.96
401,0,1189,1189.41,1047,1047.11,135.25,763,813.0,0.94,58.24,51.21,13.6,13.11,4.28,3.91,0.28,15.95,13.09,1574,2347,1853.99
402,0,298,298.45,1060,1060.41,121.78,617,657.0,0.94,51.62,45.79,11.66,11.85,4.43,3.87,2.12,121.53,122.1,1584,2276,1837.32
403,0,1108,1108.29,1070,1070.28,143.15,794,864.0,0.92,60.88,54.21,12.65,13.03,4.81,4.16,1.32,75.74,76.63,1538,2286,1847.56
404,0,1401,1401.1,1055,1055.87,102.71,554,584.0,0.95,43.01,37.54,13.6,12.84,3.16,2.92,0.62,35.54,41.04,1584,2243,1852.54
405,0,503,502.96,1077,1077.27,136.57,700,769.0,0.91,57.87,51.78,10.77,12.19,5.37,4.25,1.89,108.12,107.89,1607,2362,1860.17
406,0,207,207.76,1068,1068.89,102.47,512,541.0,0.95,42.2,37.3,12.81,11.94,3.3,3.12,2.2,126.33,125.17,1607,2229,1855.57
407,0,1148,1148.1,1083,1083.35,136.12,735,777.0,0.95,58.6,51.73,12.08,12.38,4.85,4.18,1.13,64.75,64.58,1604,2269,1859.23
408,0,1875,1875.0,1074,1074.49,84.91,423,441.0,0.96,34.67,29.86,13.04,12.18,2.66,2.45,0.99,56.77,53.97,1632,2293,1862.59
409,0,141,141.34,1086,1086.85,116.02,618,647.0,0.96,50.33,43.94,12.81,12.28,3.93,3.58,0.86,49.03,47.18,1590,2349,1876.46
410,0,1373,1373.85,1088,1088.46,107.3,552,588.0,0.94,44.1,39.15,12.21,12.35,3.61,3.17,1.0,57.03,57.43,1601,2366,1884.13
411,0,32,32.71,1082,1082.31,74.91,353,369.0,0.96,28.84,25.46,13.04,12.0,2.21,2.12,0.59,33.69,38.25,1602,2559,1881.14
412,0,1719,1719.72,1079,1079.23,118.28,610,647.0,0.94,51.16,45.3,11.0,11.78,4.65,3.85,3.06,175.52,175.56,1565,2397,1853.17
413,0,406,406.71,1100,1100.23,143.2,757,842.0,0.9,61.4,53.95,10.82,13.18,5.68,4.09,2.1,120.32,118.36,1553,2270,1850.62
414,0,1198,1197.97,1104,1104.51,145.4,800,857.0,0.93,62.36,55.59,11.4,12.75,5.47,4.36,1.29,74.18,73.95,1594,2261,1839.97
415,0,623,623.47,1090,1090.27,154.23,837,946.0,0.88,66.73,58.38,11.4,13.56,5.85,4.31,2.81,160.75,161.94,1563,2331,1847.38
416,0,351,351.04,1096,1096.52,93.84,466,491.0,0.95,38.08,33.2,12.08,12.16,3.15,2.73,1.98,113.2,112.85,1596,2367,1885.72
417,0,40,41.02,1109,1109.65,137.74,762,822.0,0.93,59.67,51.77,12.37,12.87,4.82,4.02,1.33,76.43,75.97,1630,2548,1934.59
418,0,369,369.13,1109,1109.54,102.28,523,551.0,0.95,42.3,37.09,13.15,12.19,3.22,3.04,1.69,96.79,95.14,1638,2464,1924.27
419,0,804,804.11,1105,1105.49,95.15,488,509.0,0.96,40.22,34.36,11.66,12.25,3.45,2.8,2.18,124.88,124.73,1590,2265,1834.19
420,0,12,12.07,1101,1101.65,74.43,347,359.0,0.97,29.21,24.93,12.81,11.89,2.28,2.1,0.91,51.95,44.82,1597,2308,1882.17
421,0,92,92.26,1103,1103.64,137.98,725,791.0,0.92,59.14,52.26,10.77,12.43,5.49,4.2,2.81,161.26,163.0,1587,2493,1912.21
422,0,1360,1360.1,1117,1117.12,106.71,548,576.0,0.95,45.61,39.54,12.81,11.98,3.56,3.3,2.23,127.87,127.18,1567,2402,1857.03
423,0,1762,1762.39,1119,1119.89,103.36,519,551.0,0.94,43.74,38.15,12.17,11.82,3.6,3.23,1.39,79.46,81.96,1526,2184,1817.95
424,0,79,79.11,1130,1130.51,166.55,914,1004.0,0.91,73.25,65.84,10.0,12.71,7.32,5.18,2.13,122.17,124.46,1607,2586,1908.75
425,0,1045,1045.55,1113,1113.58,110.43,558,593.0,0.94,46.84,40.87,12.37,11.93,3.79,3.42,2.86,163.89,165.74,1591,2366,1858.5
426,0,1294,1294.22,1124,1124.66,118.85,597,634.0,0.94,51.4,45.62,10.0,11.56,5.14,3.95,0.92,52.91,52.1,1571,2309,1834.34
427,0,1950,1950.29,1119,1119.72,106.57,558,588.0,0.95,44.29,38.32,12.53,12.57,3.54,3.05,2.65,151.7,152.63,1568,2687,1907.35
428,0,302,302.76,1119,1119.67,118.33,623,669.0,0.93,49.77,43.47,12.65,12.65,3.93,3.44,0.39,22.44,20.33,1588,2355,1875.01
429,0,139,139.93,1126,1126.1,127.88,644,694.0,0.93,54.63,48.11,9.85,11.79,5.55,4.08,0.41,23.75,24.28,1603,2311,1872.73
430,0,640,640.16,1125,1125.58,98.08,484,515.0,0.94,40.31,35.26,12.08,11.94,3.34,2.95,0.41,23.39,22.96,1606,2343,1885.24
431,0,935,935.5,1144,1144.29,140.91,762,816.0,0.93,60.73,53.98,12.65,12.42,4.8,4.35,1.27,72.76,75.02,1587,2296,1857.35
432,0,1068,1068.56,1138,1138.91,104.18,544,574.0,0.95,43.01,37.76,12.65,12.49,3.4,3.02,1.26,72.41,75.38,1585,2340,1873.64
433,0,1495,1495.39,1145,1146.02,143.34,779,851.0,0.92,61.85,54.92,11.66,12.83,5.3,4.28,0.97,55.54,56.58,1583,2305,1839.78
434,0,321,321.62,1138,1138.09,109.54,582,611.0,0.95,46.86,41.14,12.81,12.48,3.66,3.3,0.88,50.19,47.38,1635,2438,1897.92
435,0,827,827.16,1137,1137.4,91.74,449,473.0,0.95,37.2,32.02,12.81,12.09,2.9,2.65,2.2,126.25,121.85,1561,2481,1906.97
436,0,662,662.48,1133,1133.96,118.18,603,660.0,0.91,49.82,43.77,12.17,12.48,4.1,3.51,0.18,10.41,8.44,1595,2375,1913.8
437,0,1416,1416.18,1146,1146.26,102.77,545,575.0,0.95,42.38,36.94,13.6,12.81,3.12,2.88,1.91,109.29,105.45,1544,2504,1859.97
438,0,1991,1991.41,1141,1141.72,112.71,592,642.0,0.92,47.71,42.12,11.66,12.77,4.09,3.3,2.57,146.98,145.56,1607,2629,1936.56
439,0,1927,1927.11,1136,1136.9,103.94,560,591.0,0.95,42.76,37.53,13.15,12.91,3.25,2.91,0.19,10.78,8.62,1623,2566,1915.64
440,0,264,264.79,1148,1148.47,106.47,554,582.0,0.95,45.8,39.53,12.21,12.18,3.75,3.25,0.94,53.88,53.56,1606,2305,1870.89
441,0,355,355.2,1152,1152.45,115.15,600,644.0,0.93,47.54,42.17,13.0,12.7,3.66,3.32,1.18,67.75,67.24,1575,2329,1872.66
442,0,193,193.22,1143,1143.23,81.5,396,414.0,0.96,32.31,27.57,12.65,12.33,2.55,2.24,2.76,158.2,151.43,1584,2213,1831.08
443,0,1967,1967.03,1149,1149.6,108.95,597,627.0,0.95,45.61,39.97,12.81,13.01,3.56,3.07,2.48,142.13,141.35,1706,2649,2043.12
444,0,1311,1311.76,1157,1157.06,127.68,710,754.0,0.94,54.82,48.38,11.4,12.9,4.81,3.75,0.9,51.67,52.49,1611,2288,1847.72
445,0,1552,1551.95,1157,1157.92,108.53,570,608.0,0.94,45.4,40.07,13.15,12.5,3.45,3.21,1.7,97.59,96.25,1551,2320,1843.19
446,0,767,767.21,1163,1163.61,136.85,729,793.0,0.92,58.83,52.2,11.66,12.54,5.04,4.16,2.13,121.8,121.29,1592,3087,1996.94
447,0,810,810.71,1161,1161.76,100.87,532,545.0,0.98,42.19,37.19,13.15,12.32,3.21,3.02,1.48,84.56,89.92,1620,2640,1982.28
448,0,1431,1431.38,1165,1165.36,128.02,663,728.0,0.91,54.92,48.28,10.82,12.53,5.08,3.85,0.99,56.89,56.22,1587,2511,1932.32
449,0,779,779.66,1158,1158.45,78.67,375,393.0,0.95,31.4,26.73,12.81,11.96,2.45,2.23,2.22,127.23,128.38,1603,2715,1994.15
450,0,217,217.12,1161,1161.47,79.15,387,399.0,0.97,30.81,27.29,13.6,12.27,2.26,2.22,2.52,144.25,137.47,1631,2231,1860.7
451,0,829,829.03,1177,1177.95,134.75,742,783.0,0.95,59.41,52.44,11.4,12.36,5.21,4.24,0.94,53.9,51.69,1621,2601,1969.29
452,0,1024,1024.14,1179,1179.05,118.53,631,667.0,0.95,50.64,44.92,13.15,12.24,3.85,3.67,1.41,80.91,82.49,1552,2332,1847.74
453,0,709,709.36,1174,1174.48,94.81,473,501.0,0.94,39.2,34.1,12.81,12.12,3.06,2.81,0.91,52.25,51.92,1622,2246,1843.71
454,0,1058,1058.57,1180,1180.08,102.28,514,541.0,0.95,42.45,37.6,12.65,11.95,3.36,3.15,1.31,74.98,79.72,1559,2306,1856.37
455,0,1976,1976.99,1193,1193.43,152.51,802,888.0,0.9,66.24,58.91,11.66,12.43,5.68,4.74,2.07,118.89,118.86,1700,2877,2108.91
456,0,1997,1997.47,1187,1187.35,139.92,769,856.0,0.9,59.41,51.12,10.82,14.04,5.49,3.64,2.51,143.9,142.15,1653,2748,2004.53
457,0,798,798.38,1181,1181.96,75.5,356,375.0,0.95,28.6,24.76,13.6,12.35,2.1,2.0,2.21,126.47,127.26,1765,3097,2148.02
458,0,1215,1215.7,1179,1179.77,146.91,784,866.0,0.91,63.79,55.8,10.05,12.85,6.35,4.34,0.16,9.02,8.2,1569,2264,1832.64
459,0,1954,1954.96,1188,1188.1,88.28,431,449.0,0.96,36.22,31.6,12.17,11.79,2.98,2.68,1.68,96.34,91.11,1581,2706,2004.95
460,0,1395,1395.46,1184,1184.78,105.88,545,574.0,0.95,44.1,39.03,13.04,12.21,3.38,3.2,0.58,32.97,34.14,1583,2520,1903.28
461,0,925,926.1,1203,1203.93,130.77,732,782.0,0.94,57.08,50.09,12.0,13.16,4.76,3.81,1.62,93.01,90.42,1593,2381,1873.42
462,0,1533,1533.62,1185,1185.01,107.6,549,583.0,0.94,44.64,39.59,12.65,12.16,3.53,3.26,2.87,164.41,165.89,1558,2331,1860.19
463,0,663,663.1,1205,1205.85,133.36,721,783.0,0.92,57.43,50.83,12.17,12.58,4.72,4.04,1.45,83.0,85.12,1604,2288,1856.15
464,0,780,780.76,1196,1196.0,138.57,760,826.0,0.92,59.44,51.67,12.37,12.97,4.81,3.98,2.92,167.37,165.43,1667,3078,2073.23
465,0,301,301.46,1208,1208.88,109.98,567,600.0,0.94,46.24,40.33,12.65,12.24,3.66,3.3,1.95,111.57,113.64,1593,2293,1836.32
466,0,1391,1391.93,1206,1206.74,128.51,702,744.0,0.94,56.4,49.41,11.4,12.53,4.95,3.94,0.65,37.07,39.09,1635,2539,1925.25
467,0,468,468.2,1199,1199.47,151.25,806,907.0,0.89,65.28,57.93,10.05,12.97,6.5,4.47,3.05,174.73,173.43,1552,2334,1849.92
468,0,614,614.02,1207,1207.45,104.71,528,559.0,0.94,43.6,38.08,12.21,12.05,3.57,3.16,0.64,36.61,36.46,1569,2262,1838.64
469,0,1279,1279.11,1205,1205.07,117.98,617,650.0,0.95,49.77,43.55,12.65,12.28,3.93,3.55,0.39,22.44,22.52,1582,2214,1826.84
470,0,1977,1977.14,1224,1224.14,140.37,784,839.0,0.93,59.51,52.41,12.08,13.05,4.92,4.02,2.0,114.84,115.44,1626,2779,2054.3
471,0,981,981.06,1208,1208.86,93.36,456,480.0,0.95,38.83,33.75,13.15,11.69,2.95,2.89,2.93,168.11,167.71,1590,2336,1858.14
472,0,1594,1594.12,1214,1214.0,87.98,435,453.0,0.96,36.24,31.33,12.81,11.92,2.83,2.63,0.69,39.4,39.78,1574,2254,1824.63
473,0,789,789.1,1212,1212.59,152.67,811,874.0,0.93,66.94,59.83,11.18,12.0,5.99,4.98,2.9,166.17,168.62,1632,2555,2037.77
474,0,241,241.05,1215,1215.55,150.43,832,906.0,0.92,65.31,58.5,10.2,12.9,6.4,4.53,0.2,11.48,9.63,1581,2364,1864.68
475,0,1956,1956.93,1224,1224.53,86.87,441,457.0,0.96,35.9,31.04,12.37,12.18,2.9,2.55,1.8,102.88,96.78,1670,2673,2012.16
476,0,751,751.42,1220,1220.01,133.01,726,783.0,0.93,56.72,50.76,12.17,12.69,4.66,4.0,2.98,170.87,171.2,1635,2516,1934.7
477,0,179,179.58,1247,1247.06,157.36,880,969.0,0.91,69.58,62.26,10.2,12.91,6.82,4.82,1.7,97.43,95.1,1615,2575,1894.86
478,0,1017,1017.09,1224,1224.92,98.91,485,513.0,0.95,40.71,35.71,11.18,11.79,3.64,3.03,2.66,152.18,151.87,1617,2450,1880.66
479,0,413,413.44,1226,1226.69,101.84,519,546.0,0.95,42.15,36.93,13.0,12.17,3.24,3.03,2.75,157.69,159.42,1550,2307,1846.47
480,0,1775,1775.85,1241,1241.99,107.36,550,584.0,0.94,45.12,39.73,12.17,12.03,3.71,3.3,1.79,102.8,99.92,1521,2255,1834.23
481,0,992,992.22,1247,1247.0,125.6,649,713.0,0.91,53.6,46.93,10.2,12.52,5.26,3.75,1.42,81.42,81.33,1623,2532,1906.08
482,0,1564,1564.01,1235,1235.51,91.15,453,475.0,0.95,37.44,32.13,13.04,12.08,2.87,2.66,0.6,34.11,33.8,1562,2285,1833.4
483,0,507,507.59,1240,1240.22,134.71,723,782.0,0.92,56.46,50.38,12.08,12.74,4.67,3.95,2.74,157.07,156.42,1545,2333,1874.1
484,0,903,903.13,1242,1242.58,94.81,498,524.0,0.95,37.8,33.46,12.81,12.91,2.95,2.59,2.49,142.52,144.12,1609,2295,1848.76
485,0,450,450.98,1244,1244.86,101.98,530,558.0,0.95,41.63,36.3,13.0,12.72,3.2,2.85,2.72,155.9,152.37,1616,2434,1867.39
486,0,558,557.97,1248,1248.95,134.71,723,778.0,0.93,57.27,51.11,12.08,12.51,4.74,4.09,2.71,155.22,154.14,1612,2384,1876.27
487,0,1016,1016.87,1263,1262.94,121.88,635,680.0,0.93,51.97,45.65,12.53,12.29,4.15,3.71,2.09,120.02,119.0,1589,2488,1887.18
488,0,153,153.47,1259,1259.39,110.02,598,619.0,0.97,47.01,42.06,12.81,12.41,3.67,3.39,2.24,128.09,132.3,1631,2670,1990.73
490,0,1963,1963.38,1269,1269.62,124.04,684,705.0,0.97,54.15,48.56,12.0,12.36,4.51,3.93,1.5,85.76,88.88,1639,2491,1901.81
491,0,136,136.37,1261,1261.42,109.54,575,608.0,0.95,46.75,40.69,12.81,12.3,3.65,3.31,2.3,131.53,133.93,1625,2769,2005.98
492,0,251,251.35,1255,1255.05,118.18,657,697.0,0.94,49.65,44.11,13.15,13.02,3.77,3.39,0.16,9.27,8.57,1558,2342,1839.36
493,0,936,936.86,1258,1257.95,99.36,503,532.0,0.95,40.45,35.43,14.14,12.34,2.86,2.87,2.99,171.47,168.43,1646,2351,1890.51
494,0,618,618.53,1268,1268.99,92.53,448,476.0,0.94,37.66,33.04,12.17,11.76,3.1,2.81,1.76,100.71,98.72,1607,2505,1939.48
495,0,641,641.38,1264,1264.1,89.4,457,477.0,0.96,36.24,31.63,11.4,12.47,3.18,2.54,0.69,39.4,43.61,1581,2558,1919.98
496,0,418,419.02,1259,1259.04,120.77,641,683.0,0.94,51.62,45.43,12.17,12.34,4.24,3.68,2.99,171.09,171.79,1611,2434,1912.08
497,0,392,392.23,1280,1280.45,105.01,546,577.0,0.95,43.68,38.21,12.65,12.44,3.45,3.07,1.85,105.95,105.12,1650,2652,1972.91
498,0,104,104.79,1267,1267.69,125.36,681,733.0,0.93,54.33,47.36,12.17,12.73,4.47,3.72,3.03,173.66,174.7,1575,2544,1916.38
499,0,1740,1740.91,1276,1276.38,86.18,411,433.0,0.95,34.79,30.19,12.65,11.69,2.75,2.58,1.25,71.57,70.36,1578,2243,1851.31
500,0,375,375.68,1291,1291.31,123.01,658,703.0,0.94,52.24,45.65,13.15,12.48,3.97,3.66,1.47,84.51,86.96,1574,2572,1904.67
501,0,584,584.54,1272,1272.01,99.11,501,542.0,0.92,40.11,35.54,13.04,12.35,3.08,2.88,0.07,4.29,179.99,1608,2394,1919.89
502,0,827,827.43,1280,1280.75,132.47,712,767.0,0.93,55.54,49.66,12.08,12.81,4.6,3.88,0.41,23.33,24.75,1575,2315,1840.58
503,0,960,960.36,1290,1290.04,115.68,618,651.0,0.95,49.68,43.89,12.81,12.26,3.88,3.58,2.44,139.9,135.14,1580,2423,1871.15
504,0,1438,1438.9,1284,1284.32,113.64,588,625.0,0.94,47.01,41.05,12.53,12.45,3.75,3.3,0.51,29.29,26.63,1565,2263,1810.98
505,0,1620,1620.29,1296,1296.66,181.38,954,1074.0,0.89,79.06,70.82,5.83,12.65,13.56,5.6,2.54,145.3,144.66,1565,2268,1822.85
506,0,1765,1765.22,1295,1295.87,102.53,514,541.0,0.95,42.95,37.86,12.17,11.73,3.53,3.23,1.78,102.09,100.66,1606,2301,1859.07
507,0,1818,1818.35,1295,1295.37,174.65,919,1053.0,0.87,76.32,66.6,8.06,13.34,9.47,4.99,2.59,148.39,148.11,1569,2262,1859.02
508,0,678,678.06,1284,1284.63,87.46,421,445.0,0.95,35.69,31.16,13.15,11.63,2.71,2.68,0.2,11.31,7.16,1559,2344,1861.28
509,0,8,8.36,1296,1296.25,89.11,444,473.0,0.94,35.69,31.23,12.17,12.4,2.93,2.52,1.37,78.69,80.72,1637,2494,1926.82
510,0,154,154.48,1286,1286.69,112.53,588,620.0,0.95,48.05,42.24,13.15,12.07,3.65,3.5,0.21,12.01,8.51,1692,2706,2026.97
511,0,919,919.25,1288,1288.5,113.01,585,621.0,0.94,47.8,41.88,12.65,12.15,3.78,3.45,0.28,15.78,12.56,1576,2324,1868.83
512,0,419,419.37,1299,1299.51,108.81,573,606.0,0.95,44.78,39.09,12.08,12.88,3.71,3.03,1.98,113.7,116.47,1608,2610,1926.21
513,0,643,643.77,1286,1286.85,82.87,413,429.0,0.96,33.54,28.68,13.15,12.27,2.55,2.34,2.96,169.7,175.49,1668,2730,2027.78
514,0,1168,1168.37,1296,1296.19,111.54,583,614.0,0.95,47.8,41.92,11.4,12.17,4.19,3.45,0.65,37.35,37.28,1596,2403,1846.92
515,0,1106,1106.87,1287,1287.96,75.7,371,385.0,0.96,30.15,25.69,13.15,12.39,2.29,2.07,3.04,174.29,176.89,1605,2192,1831.45
516,0,1138,1138.08,1290,1290.51,78.63,380,393.0,0.97,31.26,27.18,13.15,11.95,2.38,2.27,3.01,172.65,177.03,1596,2314,1861.55
517,0,1972,1972.84,1309,1309.91,125.92,662,704.0,0.94,54.2,48.26,10.0,12.1,5.42,3.99,0.92,52.5,51.26,1608,2371,1868.02
518,0,635,635.41,1301,1301.77,120.23,634,679.0,0.93,50.09,44.32,12.08,12.58,4.15,3.52,2.69,153.95,156.19,1684,2674,2014.81
519,0,149,149.94,1303,1303.24,115.5,604,638.0,0.95,48.7,42.66,12.65,12.3,3.85,3.47,0.33,19.18,18.23,1642,2553,1963.23
520,0,1730,1730.78,1310,1310.02,87.36,412,435.0,0.95,35.17,30.59,12.37,11.6,2.84,2.64,1.31,75.17,77.34,1613,2262,1854.43
521,0,50,50.73,1313,1313.53,136.27,765,818.0,0.94,58.52,51.68,11.66,13.15,5.02,3.93,0.58,33.15,33.21,1576,2362,1884.88
522,0,600,600.84,1308,1308.33,87.36,443,464.0,0.95,35.11,30.25,13.93,12.54,2.52,2.41,0.35,19.98,16.6,1656,2461,1932.37
523,0,405,405.58,1320,1320.0,101.5,519,550.0,0.94,40.85,36.04,12.65,12.54,3.23,2.87,1.95,111.54,112.55,1670,2547,1947.59
524,0,572,572.88,1328,1328.18,104.43,543,569.0,0.95,43.01,38.07,12.65,12.39,3.4,3.07,1.26,72.41,73.39,1558,2398,1869.79
525,0,112,112.26,1338,1338.75,146.91,803,901.0,0.89,62.82,55.41,11.4,13.59,5.51,4.08,1.81,103.82,103.47,1589,2332,1845.58
526,0,494,494.16,1328,1328.85,127.34,691,732.0,0.94,55.44,49.1,11.4,12.41,4.86,3.96,2.46,140.86,139.53,1567,2303,1835.91
527,0,1324,1324.36,1331,1331.66,124.51,648,682.0,0.95,54.67,48.36,11.4,11.82,4.8,4.09,2.27,129.81,130.18,1556,2250,1824.29
528,0,621,621.27,1328,1328.29,112.85,602,634.0,0.95,47.51,42.75,11.4,12.53,4.17,3.41,0.86,49.27,44.52,1498,2695,1922.68
529,0,229,229.7,1347,1347.82,160.69,931,980.0,0.95,71.51,64.46,11.31,12.98,6.32,4.97,2.41,137.83,136.09,1551,2260,1842.5
530,0,1903,1903.58,1334,1334.12,145.74,769,851.0,0.9,62.82,55.73,9.22,12.58,6.81,4.43,2.9,166.18,166.26,1590,2391,1850.42
531,0,23,23.16,1340,1340.62,91.11,451,478.0,0.94,37.66,32.77,12.17,11.91,3.1,2.75,0.19,10.71,7.44,1598,2496,1909.84
532,0,386,386.28,1349,1349.78,112.23,603,636.0,0.95,47.17,40.85,13.04,12.82,3.62,3.19,0.56,32.01,30.83,1582,2415,1886.14
533,0,1549,1549.85,1354,1354.19,100.71,512,539.0,0.95,42.52,37.13,10.63,12.1,4.0,3.07,0.72,41.19,45.25,1566,2232,1823.72
534,0,904,904.48,1363,1363.61,141.92,753,815.0,0.92,61.29,54.25,10.82,12.43,5.67,4.36,2.55,146.31,146.94,1582,2421,1862.73
535,0,404,404.89,1369,1369.4,107.46,527,563.0,0.94,45.89,40.67,11.18,11.42,4.1,3.56,1.37,78.69,83.93,1583,2423,1894.7
536,0,29,29.36,1366,1366.82,95.36,483,515.0,0.94,38.83,33.71,14.14,12.33,2.75,2.73,1.78,101.89,99.55,1608,2483,1894.87
537,0,1751,1751.98,1364,1364.88,128.85,679,722.0,0.94,54.92,48.48,11.66,12.23,4.71,3.96,2.56,146.89,147.06,1550,2258,1842.58
538,0,578,578.87,1367,1367.67,95.7,496,519.0,0.96,39.56,34.4,13.6,12.39,2.91,2.78,1.85,106.14,100.83,1590,2266,1844.96
539,0,866,866.71,1368,1368.7,99.01,504,541.0,0.93,40.02,34.92,12.37,12.53,3.24,2.79,1.34,77.01,74.93,1614,2370,1869.61
540,0,1363,1363.29,1367,1367.3,115.78,607,636.0,0.95,50.0,43.78,12.81,12.01,3.9,3.64,2.5,143.13,142.82,1561,2260,1839.29
542,0,1858,1858.11,1371,1371.15,107.15,549,582.0,0.94,44.01,38.58,12.65,12.34,3.48,3.13,2.77,158.68,156.71,1530,2221,1841.21
543,0,1169,1169.4,1374,1374.63,99.25,499,526.0,0.95,40.85,35.57,11.7,12.13,3.49,2.93,0.38,21.54,21.66,1555,2223,1812.84
544,0,1942,1942.54,1375,1375.3,104.08,516,552.0,0.93,42.72,37.32,12.65,11.97,3.38,3.12,0.36,20.56,20.23,1594,2250,1852.08
545,0,1279,1279.83,1375,1375.49,113.7,612,639.0,0.96,49.25,42.94,13.15,12.34,3.74,3.48,0.1,5.83,3.58,1566,2318,1839.86
546,0,1137,1137.61,1406,1406.24,158.17,857,954.0,0.9,68.1,61.24,8.06,12.9,8.45,4.75,2.09,119.95,119.68,1554,2229,1816.62
547,0,1310,1311.07,1408,1408.23,147.25,798,881.0,0.91,63.51,56.43,10.2,12.9,6.23,4.38,1.7,97.24,97.31,1553,2311,1842.47
548,0,1553,1553.55,1397,1397.39,108.61,576,593.0,0.97,46.86,41.24,12.81,12.11,3.66,3.41,2.27,129.81,133.52,1584,2217,1826.29
549,0,836,836.5,1395,1395.49,93.98,456,479.0,0.95,38.83,33.89,12.21,11.68,3.18,2.9,0.6,34.51,33.74,1575,2489,1898.83
550,0,931,931.54,1406,1406.4,146.55,807,844.0,0.96,64.44,58.14,12.04,12.33,5.35,4.71,2.3,131.86,134.76,1593,2390,1853.4
551,0,303,303.93,1407,1407.83,116.67,586,625.0,0.94,49.04,42.93,12.65,11.93,3.88,3.6,1.86,106.59,105.65,1531,2294,1856.64
552,0,39,39.17,1404,1404.03,94.67,466,495.0,0.94,38.08,33.33,13.42,12.12,2.84,2.75,1.98,113.2,115.19,1610,2273,1860.07
553,0,267,267.48,1395,1395.35,118.43,630,678.0,0.93,50.16,43.39,13.04,12.83,3.85,3.38,3.06,175.43,174.26,1597,2333,1870.89
554,0,1383,1383.48,1411,1411.9,122.18,670,713.0,0.94,51.97,46.24,13.15,12.73,3.95,3.63,1.38,78.91,81.12,1598,2304,1846.13
555,0,854,854.05,1407,1407.49,101.25,513,544.0,0.94,41.23,35.93,13.42,12.39,3.07,2.9,1.17,67.17,71.5,1612,2523,1910.35
556,0,1229,1229.62,1411,1411.44,107.3,564,591.0,0.95,45.61,39.45,12.81,12.34,3.56,3.2,2.23,127.87,126.73,1523,2231,1816.59
559,0,356,356.58,1411,1410.96,121.74,643,691.0,0.93,50.6,44.51,12.65,12.68,4.0,3.51,2.82,161.57,161.71,1583,2246,1827.69
560,0,1871,1871.28,1418,1419.07,142.51,765,861.0,0.89,60.8,53.26,10.0,13.68,6.08,3.89,0.63,36.3,36.21,1602,2372,1880.27
561,0,806,806.51,1420,1420.78,94.47,481,499.0,0.96,39.82,34.87,11.4,11.86,3.49,2.94,0.68,38.88,44.25,1619,2364,1859.32
562,0,486,486.37,1425,1425.91,90.53,444,474.0,0.94,36.5,31.87,13.15,12.14,2.77,2.63,1.74,99.46,95.42,1555,2260,1837.77
563,0,147,148.02,1425,1425.29,118.81,593,636.0,0.93,50.99,44.64,10.77,11.85,4.73,3.77,0.45,25.56,24.5,1550,2227,1840.33
564,0,562,562.11,1439,1439.25,129.88,700,759.0,0.92,54.56,48.14,13.0,12.94,4.2,3.72,1.12,63.9,65.97,1598,2647,1932.06
565,0,1404,1404.44,1443,1443.5,110.43,540,578.0,0.93,46.57,41.08,11.4,11.55,4.08,3.56,1.31,75.07,75.59,1553,2313,1857.92
566,0,1465,1465.95,1447,1447.74,131.64,709,748.0,0.95,55.71,49.15,11.7,12.55,4.76,3.92,1.94,111.04,111.23,1602,2303,1846.06
567,0,921,921.25,1452,1452.0,114.47,586,618.0,0.95,47.93,42.59,10.77,12.1,4.45,3.52,1.98,113.36,117.5,1557,2216,1812.62
568,0,843,843.2,1450,1450.11,116.37,612,652.0,0.94,48.83,43.03,10.82,12.5,4.51,3.44,2.53,145.01,145.31,1592,2287,1840.68
569,0,526,526.89,1448,1448.34,136.47,733,803.0,0.91,57.25,50.69,11.7,13.04,4.89,3.89,0.34,19.38,20.82,1582,2508,1912.52
570,0,701,701.69,1453,1453.18,97.64,510,530.0,0.96,41.05,35.62,13.04,12.34,3.15,2.89,0.98,55.92,52.88,1568,2254,1827.6
571,0,197,197.79,1455,1455.06,103.64,533,567.0,0.94,42.72,37.6,13.04,12.32,3.28,3.05,1.0,57.43,56.93,1567,2243,1826.7
572,0,569,569.15,1460,1460.23,136.75,759,798.0,0.95,60.11,52.3,11.31,12.74,5.31,4.11,0.77,44.33,45.44,1627,2644,1966.91
573,0,1850,1850.49,1450,1450.07,112.57,586,625.0,0.94,47.01,41.07,13.42,12.34,3.5,3.33,0.42,23.84,24.77,1637,2387,1887.89
574,0,1578,1578.45,1465,1465.09,111.5,573,613.0,0.93,46.82,40.63,12.65,12.41,3.7,3.27,1.92,109.98,109.83,1553,2269,1844.26
575,0,491,491.48,1463,1463.43,91.36,449,479.0,0.94,37.48,32.28,13.15,11.93,2.85,2.71,1.73,99.21,95.98,1582,2352,1874.09
576,0,1445,1445.18,1471,1471.66,128.91,642,686.0,0.94,55.54,48.64,12.17,11.54,4.57,4.21,1.81,103.54,104.46,1580,2351,1867.64
577,0,605,605.05,1457,1457.1,98.87,521,546.0,0.95,41.3,35.97,13.15,12.47,3.14,2.89,0.12,6.95,3.2,1576,2446,1877.83
578,0,1547,1547.95,1467,1467.6,77.46,357,368.0,0.97,32.39,27.72,12.17,11.02,2.66,2.51,1.42,81.12,86.13,1578,2243,1848.24
579,0,321,321.0,1466,1466.26,83.5,409,426.0,0.96,34.21,29.56,11.4,11.96,3.0,2.47,0.91,52.13,51.51,1605,2487,1861.06
580,0,1244,1244.21,1467,1467.58,159.44,824,920.0,0.9,68.54,60.75,9.85,12.62,6.96,4.81,0.4,23.2,23.21,1563,2272,1836.87
581,0,335,335.3,1481,1481.35,104.28,542,570.0,0.95,44.55,38.7,13.15,12.26,3.39,3.16,1.41,80.96,85.9,1586,2460,1879.18
582,0,800,800.09,1473,1474.0,127.54,686,731.0,0.94,54.12,47.52,12.53,12.73,4.32,3.73,2.66,152.49,151.42,1595,2496,1864.19
583,0,103,103.14,1474,1474.23,91.7,466,491.0,0.95,38.12,32.74,13.04,12.26,2.92,2.67,0.08,4.51,1.62,1558,2212,1830.44
584,0,1367,1367.88,1484,1484.09,121.78,647,693.0,0.93,52.43,45.99,10.82,12.38,4.85,3.71,0.61,34.9,35.87,1589,2336,1828.77
585,0,1678,1678.79,1475,1475.97,83.8,418,439.0,0.95,32.98,29.31,13.34,12.4,2.47,2.36,2.9,165.96,177.42,1602,2252,1842.23
586,0,1644,1644.85,1476,1476.37,87.8,453,462.0,0.98,35.51,31.39,13.15,12.46,2.7,2.52,2.97,170.27,179.55,1563,2263,1852.18
587,0,46,46.91,1482,1482.86,92.43,464,488.0,0.95,37.34,32.39,13.0,12.41,2.87,2.61,0.36,20.38,20.23,1553,2229,1825.21
588,0,528,528.29,1492,1492.42,123.64,643,692.0,0.93,52.0,45.94,12.08,12.32,4.3,3.73,2.75,157.38,156.88,1592,2454,1893.59
589,0,1039,1039.01,1487,1487.17,84.53,410,428.0,0.96,34.48,29.88,12.65,11.79,2.73,2.54,2.85,163.14,165.25,1561,2275,1827.4
590,0,300,300.17,1494,1494.6,84.91,425,440.0,0.97,34.99,29.77,13.04,12.21,2.68,2.44,1.03,59.04,55.92,1566,2298,1839.38
591,0,1061,1061.34,1508,1508.21,129.36,667,741.0,0.9,55.58,49.25,10.2,12.44,5.45,3.96,1.43,81.72,84.47,1588,2210,1843.21
592,0,808,808.84,1501,1501.48,125.34,688,724.0,0.95,53.26,47.76,11.4,12.8,4.67,3.73,2.45,140.33,135.97,1601,2564,1898.55
593,0,1198,1198.72,1503,1503.63,102.18,477,508.0,0.94,43.42,37.69,11.4,10.99,3.81,3.43,1.83,104.68,104.0,1584,2195,1820.62
594,0,152,152.17,1496,1496.94,149.3,822,893.0,0.92,64.62,57.06,11.7,12.95,5.52,4.41,2.76,158.2,159.41,1581,2370,1880.59
595,0,1544,1544.31,1499,1499.38,78.04,364,384.0,0.95,31.14,26.99,13.15,11.49,2.37,2.35,1.67,95.53,88.96,1589,2359,1876.71
596,0,193,193.12,1504,1504.49,126.75,681,726.0,0.94,55.23,48.69,11.31,12.44,4.88,3.91,2.41,137.94,137.34,1652,2336,1888.25
597,0,1565,1565.38,1510,1510.96,108.71,582,607.0,0.96,46.4,40.49,11.4,12.47,4.07,3.25,0.92,52.88,52.75,1597,2404,1867.68
598,0,704,704.67,1517,1517.25,109.54,587,624.0,0.94,46.1,40.19,12.81,12.69,3.6,3.17,2.28,130.6,130.21,1599,2460,1869.56
599,0,1959,1959.53,1519,1519.16,113.88,586,619.0,0.95,48.55,42.17,11.66,12.08,4.16,3.49,1.01,57.62,57.23,1566,2256,1834.12
600,0,1457,1457.52,1519,1519.46,102.57,524,552.0,0.95,42.19,37.03,11.66,12.26,3.62,3.02,2.12,121.43,118.3,1552,2246,1833.81
601,0,404,404.29,1519,1519.19,88.04,449,469.0,0.96,35.36,30.71,14.14,12.54,2.5,2.45,1.43,81.87,89.72,1597,2312,1840.82
602,0,576,576.32,1513,1513.5,134.43,766,829.0,0.92,57.56,51.01,12.17,13.39,4.73,3.81,0.14,7.99,8.98,1580,2559,1877.6
603,0,757,757.15,1521,1521.63,87.7,439,464.0,0.95,35.17,30.59,12.65,12.41,2.78,2.47,1.83,104.83,100.87,1555,2348,1862.53
604,0,519,519.85,1523,1523.32,129.15,704,756.0,0.93,55.36,48.17,11.7,13.09,4.73,3.68,0.35,20.07,18.69,1578,2437,1874.62
605,0,1685,1685.65,1529,1529.25,110.37,565,603.0,0.94,46.62,40.63,12.21,12.26,3.82,3.31,0.62,35.39,36.53,1554,2188,1824.51
606,0,651,651.78,1536,1536.2,122.27,677,715.0,0.95,52.35,45.85,12.73,12.84,4.11,3.57,2.38,136.55,136.39,1568,2696,1960.07
608,0,917,917.03,1540,1540.82,98.28,529,548.0,0.97,41.19,35.64,14.14,12.69,2.91,2.81,1.67,95.57,92.7,1522,2230,1818.95
609,0,1200,1200.72,1543,1543.8,113.64,573,620.0,0.92,47.01,41.59,10.77,12.31,4.36,3.38,1.15,66.16,61.74,1592,2330,1847.05
610,0,235,235.8,1531,1531.68,100.28,516,539.0,0.96,42.19,37.2,12.17,12.14,3.47,3.06,0.09,5.44,1.54,1544,2273,1840.53
611,0,682,682.79,1536,1536.71,110.43,567,602.0,0.94,46.17,40.5,12.65,12.23,3.65,3.31,2.83,162.35,165.46,1660,2543,1962.67
612,0,1725,1725.14,1546,1546.71,97.05,488,509.0,0.96,41.23,35.75,11.4,11.78,3.62,3.04,0.89,50.91,50.63,1502,2256,1826.51
613,0,638,638.19,1547,1548.05,150.27,783,881.0,0.89,63.98,56.7,10.77,12.72,5.94,4.46,2.71,155.04,151.51,1630,2750,2005.65
614,0,806,806.29,1550,1550.52,118.27,642,671.0,0.96,51.86,45.76,12.81,12.43,4.05,3.68,0.88,50.48,47.75,1586,2386,1879.57
615,0,436,436.44,1551,1551.33,111.54,587,622.0,0.94,47.2,41.45,12.21,12.36,3.87,3.35,0.94,53.62,53.12,1515,2297,1845.64
616,0,735,735.98,1544,1544.71,87.01,435,459.0,0.95,34.67,29.58,14.42,12.61,2.4,2.34,0.58,33.23,27.29,1591,2734,1991.37
617,0,96,95.99,1544,1544.04,92.18,451,476.0,0.95,38.08,32.81,12.17,11.89,3.13,2.76,2.9,166.33,166.03,1575,2240,1806.1
618,0,403,403.03,1552,1552.55,85.21,410,438.0,0.94,33.73,30.25,12.17,11.89,2.77,2.54,1.36,78.02,86.54,1540,2313,1867.07
619,0,612,612.62,1549,1549.8,116.57,595,636.0,0.94,48.85,42.58,13.0,12.09,3.76,3.52,2.74,157.11,157.26,1598,2490,1953.52
620,0,755,755.23,1556,1556.3,87.94,452,478.0,0.95,35.51,30.48,14.14,12.69,2.51,2.4,1.4,80.27,82.47,1676,2634,1991.4
621,0,1243,1243.12,1556,1556.63,96.57,478,507.0,0.94,39.0,34.12,13.0,12.06,3.0,2.83,1.97,112.62,117.79,1570,2206,1823.15
622,0,866,866.83,1574,1574.83,150.85,821,904.0,0.91,64.5,57.18,11.18,12.89,5.77,4.44,2.09,119.74,117.16,1564,2397,1857.91
623,0,360,360.26,1564,1564.1,131.88,711,752.0,0.95,56.36,49.87,10.77,12.52,5.23,3.98,0.44,25.2,24.81,1609,2323,1847.87
624,0,704,704.51,1561,1561.16,87.5,430,451.0,0.95,35.85,30.87,12.53,11.95,2.86,2.58,0.53,30.14,30.68,1647,2548,1966.17
625,0,772,772.36,1570,1570.19,119.2,647,681.0,0.95,51.22,44.53,12.81,12.62,4.0,3.53,0.9,51.34,49.0,1642,2641,1967.54
626,0,209,209.74,1572,1572.12,115.64,591,643.0,0.92,48.76,42.45,12.53,12.58,3.89,3.37,2.06,118.14,117.3,1545,2431,1853.27
627,0,2013,2013.07,1562,1562.26,85.25,417,440.0,0.95,34.13,29.41,13.04,12.13,2.62,2.43,0.56,31.83,29.55,1578,2270,1854.65
628,0,1047,1047.59,1571,1571.58,96.57,476,503.0,0.95,39.66,34.48,11.66,11.94,3.4,2.89,2.16,123.69,121.75,1583,2208,1816.53
629,0,718,718.37,1569,1569.35,124.47,662,702.0,0.94,52.84,46.69,12.53,12.4,4.22,3.77,0.51,29.48,27.0,1651,2703,2014.41
630,0,533,533.26,1584,1584.33,143.1,815,878.0,0.93,60.75,53.53,13.04,13.54,4.66,3.95,1.0,57.09,58.85,1576,2326,1851.24
631,0,584,584.19,1572,1572.31,120.67,637,680.0,0.94,50.96,44.75,11.4,12.41,4.47,3.61,0.28,15.95,15.05,1562,2376,1885.98
632,0,990,990.49,1586,1586.85,116.61,614,648.0,0.95,50.0,43.76,12.81,12.23,3.9,3.58,2.21,126.87,127.29,1568,2420,1856.63
633,0,228,228.03,1592,1592.34,133.68,703,802.0,0.88,57.2,49.55,9.43,13.77,6.06,3.6,0.93,53.53,52.93,1596,2412,1881.83
634,0,1986,1986.83,1584,1584.54,84.91,413,436.0,0.95,33.84,29.36,13.04,12.29,2.6,2.39,0.97,55.84,56.84,1635,2314,1868.88
635,0,1436,1436.11,1578,1578.45,104.53,533,557.0,0.96,43.1,38.01,12.0,12.16,3.59,3.13,3.07,176.01,179.08,1586,2285,1838.34
636,0,1326,1326.43,1589,1589.89,90.91,455,479.0,0.95,36.36,31.76,13.04,12.42,2.79,2.56,1.02,58.5,61.14,1494,2225,1778.75
637,0,1253,1253.93,1594,1594.13,91.7,453,481.0,0.94,38.47,33.38,12.17,11.69,3.16,2.85,1.73,98.97,93.8,1618,2218,1838.89
638,0,1470,1470.87,1595,1595.1,95.46,467,491.0,0.95,39.32,34.95,12.17,11.57,3.23,3.02,1.7,97.31,97.14,1581,2256,1856.11
639,0,1884,1884.99,1593,1593.48,95.15,441,466.0,0.95,39.96,34.79,11.66,10.87,3.43,3.2,2.12,121.7,120.64,1536,2264,1841.45
640,0,1790,1790.86,1609,1609.75,171.24,877,980.0,0.89,75.18,66.87,10.3,11.97,7.3,5.59,1.07,61.39,60.52,1567,2267,1841.04
641,0,82,82.05,1600,1600.03,110.33,571,607.0,0.94,45.69,40.06,12.08,12.46,3.78,3.22,1.17,66.8,68.06,1569,2224,1835.63
642,0,857,857.07,1605,1605.83,133.4,731,782.0,0.93,56.3,49.85,12.65,12.91,4.45,3.86,1.92,109.72,110.16,1591,2454,1865.5
643,0,641,641.77,1589,1589.77,112.43,590,625.0,0.94,47.3,41.61,12.37,12.33,3.82,3.37,0.23,13.45,13.54,1619,2321,1844.08
644,0,757,757.72,1608,1608.72,133.68,718,770.0,0.93,58.01,50.98,11.4,12.48,5.09,4.08,0.94,54.12,53.38,1649,2545,1957.4
645,0,1084,1083.86,1616,1616.43,125.94,667,726.0,0.92,54.08,47.92,11.0,12.74,4.92,3.76,1.52,86.82,88.67,1576,2461,1903.02
646,0,1941,1941.29,1608,1608.91,87.11,420,448.0,0.94,34.53,30.32,12.17,11.93,2.84,2.54,1.75,100.01,101.14,1599,2302,1843.54
647,0,730,730.22,1621,1621.56,111.5,568,605.0,0.94,46.17,40.47,13.6,12.19,3.39,3.32,1.26,72.35,71.87,1533,2501,1898.91
648,0,977,977.24,1610,1610.67,124.57,654,709.0,0.92,52.55,46.43,10.77,12.76,4.88,3.64,2.77,158.81,159.09,1573,2487,1898.49
650,0,1290,1290.19,1631,1631.66,137.88,715,771.0,0.93,58.31,51.76,10.77,12.25,5.41,4.23,1.18,67.83,66.72,1536,2275,1847.08
651,0,371,371.73,1628,1628.35,121.05,629,674.0,0.93,50.7,44.75,13.0,12.28,3.9,3.64,1.19,67.99,64.71,1557,2532,1872.87
652,0,929,929.38,1617,1617.88,103.74,548,578.0,0.95,42.95,37.19,13.42,12.66,3.2,2.94,2.71,155.22,155.19,1523,2348,1818.91
653,0,1903,1903.22,1628,1628.72,97.5,457,485.0,0.94,39.92,35.24,12.65,11.23,3.16,3.14,1.96,112.07,114.79,1571,2234,1870.05
654,0,1648,1648.93,1623,1623.62,120.23,608,658.0,0.92,50.33,44.58,11.7,12.18,4.3,3.66,0.37,20.96,23.38,1571,2339,1856.84
655,0,1475,1475.11,1632,1632.42,93.46,444,470.0,0.94,37.34,33.45,12.17,11.5,3.07,2.91,1.44,82.3,92.44,1600,2234,1848.31
656,0,1068,1068.17,1635,1635.22,95.84,491,516.0,0.95,39.22,34.0,12.65,12.41,3.1,2.74,1.91,109.36,110.41,1609,2454,1936.88
657,0,1997,1997.75,1637,1637.15,131.92,701,754.0,0.93,57.63,50.64,12.81,12.41,4.5,4.08,0.67,38.66,39.19,1586,2448,1915.27
658,0,1670,1671.41,1643,1643.2,130.57,653,753.0,0.87,54.42,48.23,9.49,13.13,5.74,3.67,1.21,69.57,70.22,1599,2315,1872.38
659,0,51,51.55,1644,1644.09,116.77,593,630.0,0.94,50.01,43.81,11.18,11.75,4.47,3.73,1.37,78.47,79.78,1594,2306,1854.83
660,0,2026,2026.57,1635,1635.34,110.71,571,604.0,0.95,46.04,40.99,11.66,12.24,3.95,3.35,0.6,34.38,33.14,1634,2602,1981.77
661,0,464,464.22,1642,1642.95,92.18,444,470.0,0.94,37.64,32.6,11.7,11.68,3.22,2.79,1.27,73.01,71.69,1531,2222,1814.23
662,0,1952,1952.51,1642,1642.86,94.43,451,476.0,0.95,38.63,33.79,12.65,11.5,3.05,2.94,1.94,111.25,110.08,1653,2393,1945.56
663,0,990,990.81,1635,1635.12,83.01,394,417.0,0.94,33.24,28.37,12.65,11.96,2.63,2.37,2.77,158.84,155.66,1573,2512,1883.34
664,0,1106,1106.31,1649,1649.26,120.47,638,698.0,0.91,50.61,44.0,11.18,13.04,4.53,3.37,2.09,119.6,117.32,1591,2500,1908.97
665,0,380,380.86,1644,1644.37,79.15,370,379.0,0.98,32.8,28.71,11.4,11.08,2.88,2.59,0.92,52.43,46.23,1668,2436,1921.95
666,0,753,753.75,1650,1650.8,126.02,671,723.0,0.93,53.25,47.15,11.66,12.63,4.57,3.73,0.6,34.29,33.65,1611,2315,1860.68
667,0,1943,1943.86,1659,1659.67,125.2,672,709.0,0.95,54.64,47.04,13.04,12.39,4.19,3.8,2.17,124.56,124.22,1631,2468,1924.79
668,0,294,294.42,1649,1649.86,104.77,538,573.0,0.94,43.68,38.15,12.37,12.28,3.53,3.11,2.86,164.05,167.65,1563,2238,1825.57
669,0,1016,1016.83,1654,1654.11,83.15,411,424.0,0.97,33.6,29.1,13.6,12.1,2.47,2.41,2.5,143.47,135.08,1597,2281,1847.14
670,0,709,709.56,1659,1659.95,102.71,531,556.0,0.96,43.42,37.73,12.81,12.13,3.39,3.11,0.9,51.55,51.85,1626,2290,1849.55
671,0,1872,1872.68,1662,1662.11,87.11,395,415.0,0.95,36.88,31.59,11.18,10.68,3.3,2.96,1.35,77.47,79.22,1590,2265,1894.32
672,0,1246,1246.97,1665,1665.69,102.18,518,544.0,0.95,43.01,37.48,12.65,11.92,3.4,3.15,1.88,107.59,104.88,1557,2257,1832.2
673,0,1074,1074.21,1680,1680.56,164.07,906,978.0,0.93,70.83,63.85,10.3,12.72,6.88,5.02,2.1,120.55,120.37,1603,2542,1914.43
674,0,355,355.31,1665,1665.17,80.08,388,402.0,0.97,32.76,27.95,13.04,11.88,2.51,2.35,0.55,31.26,34.22,1629,2362,1917.73
675,0,1855,1855.56,1672,1672.4,95.6,427,458.0,0.93,40.16,35.35,11.7,10.56,3.43,3.35,1.24,71.11,72.29,1636,2384,1956.33
676,0,1444,1444.13,1665,1665.11,105.7,552,576.0,0.96,45.28,39.88,12.17,11.99,3.72,3.33,3.03,173.66,175.63,1612,2267,1838.04
677,0,1826,1826.88,1690,1690.22,134.75,697,761.0,0.92,58.82,51.95,10.0,12.17,5.88,4.27,0.95,54.69,53.4,1583,2328,1880.51
678,0,335,335.68,1691,1691.04,108.87,585,613.0,0.95,46.27,40.82,13.15,12.63,3.52,3.23,1.68,96.2,92.21,1586,2402,1886.43
679,0,48,48.02,1679,1679.45,86.67,428,453.0,0.94,34.54,29.93,12.65,12.26,2.73,2.44,2.76,157.89,153.2,1614,2370,1849.84
680,0,1107,1107.1,1693,1693.92,118.18,636,681.0,0.93,49.24,43.72,12.17,12.65,4.05,3.46,1.8,102.91,101.46,1596,2510,1942.7
681,0,1147,1147.16,1690,1690.53,108.71,566,601.0,0.94,45.49,39.95,11.66,12.41,3.9,3.22,2.15,123.34,124.81,1587,2271,1834.6
682,0,295,295.76,1680,1680.88,102.77,539,570.0,0.95,42.2,37.1,13.34,12.69,3.16,2.92,0.24,13.71,12.13,1576,2344,1840.88
683,0,147,147.88,1687,1687.65,89.6,434,458.0,0.95,36.69,31.11,12.65,11.92,2.9,2.61,0.3,17.45,17.97,1604,2193,1809.62
684,0,1867,1867.67,1703,1703.31,86.63,375,392.0,0.96,37.34,32.68,10.2,9.9,3.66,3.3,1.44,82.3,86.62,1564,2237,1871.56
685,0,76,76.28,1698,1698.16,86.81,436,449.0,0.97,35.47,30.84,12.81,12.25,2.77,2.52,2.28,130.43,135.9,1590,2317,1851.2
686,0,426,426.46,1720,1719.48,227.46,1326,1573.0,0.84,101.26,88.03,10.82,15.27,9.36,5.77,0.61,34.95,35.3,1557,2324,1849.28
687,0,1029,1029.4,1713,1713.53,116.33,600,641.0,0.94,49.4,43.11,11.7,12.3,4.22,3.5,1.94,111.37,109.92,1598,2235,1839.75
688,0,356,356.89,1707,1707.51,105.88,540,568.0,0.95,45.0,39.64,12.21,11.92,3.69,3.33,0.64,36.87,36.78,1536,2406,1873.12
689,0,762,762.21,1700,1700.63,103.11,542,555.0,0.98,43.05,37.84,12.0,12.46,3.59,3.04,0.05,2.66,178.93,1543,2518,1873.68
690,0,560,560.73,1705,1705.37,147.11,801,853.0,0.94,66.12,58.28,11.0,12.17,6.01,4.79,3.08,176.53,177.31,1539,2300,1838.24
691,0,1375,1375.65,1718,1718.95,91.15,451,473.0,0.95,37.44,32.55,12.21,11.96,3.07,2.72,0.98,55.89,56.57,1558,2534,1910.05
692,0,772,772.04,1728,1728.78,138.99,749,819.0,0.91,61.4,53.82,11.4,12.75,5.39,4.22,2.49,142.94,140.86,1610,2556,1906.17
693,0,1386,1386.65,1737,1737.24,147.14,827,892.0,0.93,64.2,57.65,12.81,13.02,5.01,4.43,0.92,52.59,49.86,1616,2708,2002.28
694,0,27,27.1,1739,1739.67,125.01,678,726.0,0.93,53.15,47.04,13.15,12.71,4.04,3.7,1.78,101.94,101.16,1580,2296,1820.27
695,0,70,70.04,1737,1737.56,111.7,587,630.0,0.93,47.38,42.13,12.17,12.21,3.89,3.45,1.7,97.28,91.63,1539,2319,1842.71
696,0,1579,1579.71,1734,1734.88,114.47,593,628.0,0.94,48.55,42.06,11.66,12.19,4.16,3.45,2.14,122.38,121.33,1573,2224,1843.73
697,0,1511,1511.93,1743,1743.11,143.25,787,855.0,0.92,61.4,55.03,11.4,13.03,5.39,4.22,1.85,106.07,103.14,1577,2281,1856.84
698,0,1085,1085.31,1725,1725.6,82.18,392,417.0,0.94,32.39,27.83,13.15,12.09,2.46,2.3,2.99,171.12,164.86,1551,2447,1891.45
699,0,1116,1116.16,1732,1732.09,81.11,390,406.0,0.96,32.25,27.85,14.14,11.96,2.28,2.33,3.02,172.87,171.14,1537,2366,1899.12
700,0,759,759.19,1751,1751.51,106.18,523,556.0,0.94,45.12,39.25,11.18,11.56,4.04,3.4,1.79,102.8,101.12,1579,2406,1873.42
701,0,1218,1218.3,1750,1750.89,133.82,729,772.0,0.94,57.49,51.4,12.81,12.43,4.49,4.14,0.7,40.06,43.42,1591,2551,1899.71
702,0,1355,1355.07,1750,1750.9,90.91,461,483.0,0.95,37.44,31.8,13.04,12.42,2.87,2.56,0.98,55.89,57.15,1592,2581,1985.89
703,0,1405,1405.21,1755,1755.67,89.01,435,460.0,0.95,35.74,30.94,12.65,12.07,2.83,2.56,1.26,72.07,71.17,1665,2572,1984.73
704,0,179,179.88,1750,1751.11,150.18,858,934.0,0.92,65.49,58.17,12.17,13.35,5.38,4.36,3.02,172.98,175.44,1585,2575,1903.74
705,0,1417,1418.03,1765,1765.52,102.18,507,535.0,0.95,42.76,37.59,12.17,11.81,3.51,3.18,1.38,79.22,78.63,1657,2482,1942.02
706,0,112,113.03,1761,1761.11,153.54,836,911.0,0.92,65.92,58.11,12.65,12.78,5.21,4.55,0.39,22.29,22.01,1526,2451,1864.54
707,0,1134,1133.96,1765,1765.96,150.99,819,931.0,0.88,66.04,56.86,9.43,13.87,7.0,4.1,2.58,147.99,145.46,1623,2448,1900.99
708,0,997,997.25,1768,1768.24,95.36,477,503.0,0.95,39.29,34.34,12.65,11.97,3.11,2.87,1.83,104.74,103.47,1600,2195,1836.02
709,0,263,263.39,1762,1762.72,112.91,588,619.0,0.95,47.76,41.68,12.65,12.26,3.78,3.4,0.34,19.57,18.57,1555,2251,1823.69
710,0,197,197.92,1767,1767.98,151.84,841,905.0,0.93,66.12,58.82,10.0,13.01,6.61,4.52,0.06,3.47,0.82,1609,2678,1941.01
711,0,1602,1602.6,1789,1789.7,135.01,640,690.0,0.93,59.67,52.75,10.2,10.73,5.85,4.92,1.33,76.43,78.38,1582,2485,1957.43
712,0,1368,1368.48,1780,1780.3,99.15,514,539.0,0.95,41.62,35.63,13.6,12.51,3.06,2.85,2.19,125.22,123.39,1656,2646,2029.25
713,0,144,144.53,1775,1775.22,99.84,495,528.0,0.94,41.44,35.73,11.7,11.98,3.54,2.98,0.34,19.75,20.15,1599,2470,1946.26
714,0,1272,1272.21,1797,1797.95,147.94,775,840.0,0.92,65.28,58.69,11.05,11.73,5.91,5.0,1.66,95.27,91.01,1624,2427,1905.39
715,0,1330,1330.43,1783,1783.35,93.4,463,488.0,0.95,38.83,33.42,13.04,11.92,2.98,2.8,0.97,55.49,53.77,1566,2539,1962.95
716,0,1198,1198.46,1783,1783.63,116.95,603,642.0,0.94,49.93,43.84,10.82,11.95,4.62,3.67,0.57,32.74,33.01,1713,2549,2027.79
717,0,1345,1345.89,1787,1787.81,94.18,455,482.0,0.94,38.08,33.53,12.37,11.76,3.08,2.85,1.33,76.33,73.36,1631,2565,2034.22
718,0,1176,1176.65,1781,1781.45,86.67,400,426.0,0.94,34.99,30.46,11.66,11.31,3.0,2.69,0.54,30.96,28.24,1671,2483,1972.88
719,0,1237,1237.31,1791,1791.2,119.2,625,663.0,0.94,51.4,44.71,12.81,12.18,4.01,3.67,2.22,127.09,128.51,1550,2527,1928.32
720,0,1622,1622.6,1788,1788.13,85.11,382,405.0,0.94,34.93,30.57,11.18,10.84,3.12,2.82,1.34,76.76,76.91,1584,2395,1893.41
721,0,1777,1777.96,1794,1794.51,111.84,501,537.0,0.93,48.38,42.31,10.44,10.3,4.63,4.11,1.26,71.94,73.88,1579,2084,1804.29
722,0,425,425.57,1797,1797.55,140.99,758,837.0,0.91,61.22,54.02,10.0,12.96,6.12,4.17,2.24,128.37,129.57,1528,2490,1880.0
723,0,1395,1395.01,1789,1789.93,86.77,407,434.0,0.94,35.17,30.1,13.6,11.59,2.59,2.6,1.31,75.17,77.25,1616,2527,1949.8
724,0,1202,1202.0,1804,1804.71,104.47,498,533.0,0.93,43.57,38.31,10.3,11.47,4.23,3.34,1.01,58.13,57.34,1627,2509,1971.4
725,0,123,123.77,1797,1797.39,110.57,566,597.0,0.95,46.82,40.09,13.0,12.24,3.6,3.28,0.35,19.98,22.78,1597,2441,1907.94
726,0,1108,1108.29,1793,1793.9,130.28,714,767.0,0.93,56.08,50.19,12.0,12.78,4.67,3.93,0.05,3.07,1.58,1598,2346,1872.55
727,0,556,556.02,1812,1812.85,118.53,601,653.0,0.92,50.64,45.11,11.18,11.81,4.53,3.82,1.41,80.91,83.28,1580,2233,1825.8
728,0,1001,1001.51,1806,1806.7,90.87,423,438.0,0.97,39.12,33.36,12.04,10.93,3.25,3.05,1.49,85.6,87.63,1587,2202,1854.74
729,0,1583,1584.47,1826,1826.73,154.18,825,932.0,0.89,68.36,60.02,11.18,13.3,6.11,4.51,1.67,95.88,94.21,1572,2502,1898.01
730,0,1295,1295.06,1824,1824.85,130.87,711,758.0,0.94,57.31,51.38,12.17,12.13,4.71,4.23,1.47,83.99,88.91,1602,2458,1927.77
731,0,1324,1324.0,1819,1819.37,94.77,451,475.0,0.95,40.02,34.73,12.17,11.17,3.29,3.11,1.8,102.99,102.59,1572,2407,1914.21
732,0,88,88.71,1818,1818.4,94.23,447,475.0,0.94,38.42,33.88,11.4,11.48,3.37,2.95,0.9,51.34,54.76,1616,2306,1868.49
733,0,1610,1610.11,1819,1819.56,83.74,366,389.0,0.94,34.13,29.78,11.66,10.55,2.93,2.82,1.02,58.17,58.76,1697,2500,1961.22
734,0,402,402.82,1812,1812.09,114.87,630,655.0,0.96,49.16,43.4,13.04,12.67,3.77,3.43,3.06,175.33,176.32,1615,2439,1870.2
735,0,619,619.3,1822,1822.49,115.64,589,628.0,0.94,48.75,42.8,10.77,12.02,4.53,3.56,0.45,25.51,25.92,1572,2180,1815.19
736,0,1935,1935.75,1832,1832.3,157.05,795,895.0,0.89,68.01,59.75,10.44,12.5,6.51,4.78,2.84,162.9,162.87,1597,2189,1825.42
737,0,1103,1103.24,1827,1827.82,117.7,642,685.0,0.94,50.25,45.03,12.04,12.65,4.17,3.56,3.04,174.29,176.73,1605,2340,1874.24
738,0,976,976.01,1838,1838.53,99.15,492,521.0,0.94,39.96,34.97,11.66,12.18,3.43,2.87,2.12,121.7,117.72,1547,2300,1852.54
739,0,463,463.32,1836,1836.07,74.53,336,355.0,0.95,29.73,25.4,12.65,11.25,2.35,2.26,1.91,109.65,107.77,1557,2214,1835.68
740,0,117,117.36,1851,1851.88,128.81,699,758.0,0.92,53.85,47.66,11.7,13.01,4.6,3.66,1.95,111.8,111.0,1547,2305,1838.24
741,0,210,210.93,1861,1861.41,168.02,889,972.0,0.91,73.54,65.55,10.77,12.15,6.83,5.39,1.18,67.62,67.66,1569,2261,1822.48
742,0,736,736.68,1848,1848.55,111.78,628,655.0,0.96,47.63,41.57,12.81,13.18,3.72,3.15,2.25,129.04,130.65,1595,2274,1839.7
743,0,66,66.54,1849,1849.72,94.23,465,491.0,0.95,38.42,33.45,12.81,12.02,3.0,2.78,0.9,51.34,53.03,1550,2371,1867.23
744,0,1244,1243.98,1861,1861.04,126.43,649,706.0,0.92,54.92,48.27,11.18,12.04,4.91,4.01,1.39,79.51,80.52,1595,2495,1909.53
746,0,846,846.66,1844,1844.58,123.7,643,696.0,0.92,53.46,47.58,12.17,12.07,4.39,3.94,3.01,172.48,174.52,1599,2350,1855.6
747,0,1278,1278.76,1855,1856.0,80.43,385,405.0,0.95,31.62,27.37,12.65,12.1,2.5,2.26,1.25,71.57,66.41,1614,2389,1928.05
748,0,1696,1696.48,1858,1858.8,86.53,384,408.0,0.94,36.4,31.27,10.2,10.5,3.57,2.98,1.85,105.95,104.27,1542,2145,1818.71
749,0,1127,1127.19,1849,1849.41,91.11,464,489.0,0.95,37.34,32.34,13.15,12.41,2.84,2.61,0.13,7.7,6.69,1601,2398,1865.79
750,0,39,39.85,1860,1860.71,91.84,460,486.0,0.95,37.34,32.45,13.0,12.3,2.87,2.64,1.22,69.62,67.88,1591,2369,1842.97
751,0,1992,1992.68,1855,1855.21,93.7,454,480.0,0.95,39.46,34.12,12.17,11.46,3.24,2.98,2.99,171.25,174.1,1560,2219,1805.38
752,0,473,473.91,1863,1863.85,75.6,343,363.0,0.94,29.73,25.8,11.7,11.39,2.54,2.26,1.91,109.65,114.69,1559,2240,1860.69
753,0,833,833.29,1875,1875.18,117.36,614,665.0,0.92,49.48,44.08,11.18,12.39,4.43,3.56,1.82,104.04,100.33,1597,2338,1875.01
754,0,1407,1407.53,1863,1863.44,90.08,451,472.0,0.96,36.89,31.45,13.04,12.29,2.83,2.56,0.57,32.83,30.85,1605,2247,1849.55
755,0,758,758.95,1877,1877.29,103.94,486,531.0,0.92,43.74,38.55,11.18,11.19,3.91,3.45,1.39,79.46,80.22,1608,2241,1859.93
756,0,1071,1071.82,1868,1868.2,103.15,537,564.0,0.95,42.95,37.26,13.42,12.5,3.2,2.98,2.71,155.22,154.3,1591,2303,1856.48
757,0,426,426.57,1878,1878.34,128.51,682,728.0,0.94,55.44,49.03,10.0,12.3,5.54,3.99,2.46,140.86,139.92,1562,2365,1850.97
758,0,1024,1024.63,1880,1879.79,153.54,833,924.0,0.9,65.55,58.17,10.77,13.32,6.09,4.37,2.77,158.52,157.89,1630,2435,1893.12
759,0,969,969.58,1877,1876.99,109.6,559,595.0,0.94,46.32,40.56,12.17,12.03,3.81,3.37,2.9,166.26,167.25,1566,2333,1884.49
760,0,1262,1262.04,1882,1882.19,82.33,408,430.0,0.95,32.45,28.1,13.04,12.41,2.49,2.26,0.98,56.31,51.64,1674,2548,1969.81
761,0,1697,1697.86,1895,1895.15,136.41,668,718.0,0.93,60.31,53.69,10.0,11.06,6.03,4.85,0.87,49.71,50.1,1588,2241,1861.09
762,0,933,933.52,1896,1896.71,120.95,625,687.0,0.91,50.48,44.16,12.21,12.82,4.14,3.44,2.16,123.69,122.49,1552,2290,1835.24
763,0,1207,1207.12,1895,1895.06,118.61,624,660.0,0.95,50.8,44.79,12.81,12.16,3.97,3.68,0.63,36.19,37.16,1586,2454,1897.23
764,0,1411,1411.54,1901,1901.69,102.95,550,565.0,0.97,44.05,39.01,12.81,12.25,3.44,3.19,2.45,140.53,136.62,1548,2323,1849.87
765,0,250,250.7,1899,1899.35,113.15,593,628.0,0.94,47.54,41.41,11.7,12.47,4.06,3.32,0.39,22.25,22.73,1591,2268,1840.5
766,0,461,461.9,1898,1898.6,96.91,479,504.0,0.95,40.31,34.83,12.53,11.84,3.22,2.94,0.52,29.74,27.08,1629,2336,1884.92
767,0,1468,1469.01,1905,1905.49,114.95,588,627.0,0.94,49.41,43.18,11.4,11.99,4.33,3.6,0.63,35.94,35.85,1541,2282,1837.03
768,0,23,23.63,1907,1907.78,112.23,615,655.0,0.94,46.65,40.4,13.89,13.45,3.36,3.0,2.6,149.04,149.86,1537,2295,1808.63
769,0,1010,1010.48,1903,1903.89,100.18,514,547.0,0.94,41.48,35.93,12.37,12.35,3.35,2.91,0.27,15.38,13.63,1588,2399,1886.66
770,0,1319,1319.07,1918,1918.21,105.36,512,547.0,0.94,44.28,38.56,12.17,11.51,3.64,3.35,1.68,96.48,95.4,1587,2229,1836.69
771,0,136,136.93,1910,1910.66,98.23,512,537.0,0.95,41.05,35.7,13.04,12.39,3.15,2.88,0.59,34.08,36.35,1565,2455,1882.32
772,0,1259,1258.99,1909,1909.26,101.7,504,536.0,0.94,43.01,37.68,12.0,11.73,3.58,3.21,0.02,1.33,179.9,1644,2565,1980.08
773,0,1823,1823.08,1917,1917.57,98.12,423,449.0,0.94,41.87,36.73,11.4,10.04,3.67,3.66,0.7,40.16,39.1,1566,2172,1823.68
774,0,1726,1726.59,1929,1929.1,115.74,482,549.0,0.88,50.0,43.71,9.49,10.18,5.27,4.29,1.29,73.74,71.9,1574,2215,1849.49
775,0,148,148.25,1921,1921.83,119.54,645,678.0,0.95,50.8,44.16,13.6,12.74,3.74,3.47,0.63,36.19,36.46,1558,2489,1932.89
776,0,427,427.52,1919,1919.5,97.98,495,526.0,0.94,40.31,34.86,12.53,12.37,3.22,2.82,0.52,29.74,33.14,1527,2307,1846.13
777,0,1218,1218.02,1916,1916.95,102.91,507,538.0,0.94,42.72,37.41,11.7,11.73,3.65,3.19,0.36,20.56,22.07,1586,2610,1988.15
778,0,600,600.19,1926,1926.64,88.08,421,442.0,0.95,36.36,31.27,11.66,11.61,3.12,2.69,0.55,31.5,30.46,1562,2167,1813.71
779,0,1240,1240.57,1927,1927.52,172.57,940,1040.0,0.9,75.93,67.48,10.2,12.71,7.45,5.31,0.23,12.94,11.48,1623,2653,1999.33
780,0,244,243.96,1936,1936.37,116.61,635,669.0,0.95,49.82,43.79,12.81,12.65,3.89,3.46,2.24,128.48,131.97,1507,2337,1867.17
781,0,461,461.9,1938,1938.55,113.44,590,623.0,0.95,48.27,43.17,11.4,11.97,4.23,3.61,0.87,50.04,47.94,1548,2284,1845.1
782,0,1480,1480.51,1937,1937.95,85.15,398,418.0,0.95,35.0,30.4,12.21,11.27,2.87,2.7,0.93,53.13,51.55,1590,2301,1845.5
783,0,2027,2027.41,1942,1942.97,120.51,542,586.0,0.92,53.15,46.84,10.63,10.23,5.0,4.58,0.85,48.81,49.02,1578,2292,1853.42
784,0,2003,2002.98,1935,1935.53,81.15,364,381.0,0.96,33.62,28.83,11.66,10.81,2.88,2.67,0.53,30.38,35.75,1589,2173,1836.46
785,0,1700,1699.95,1951,1951.5,120.81,575,616.0,0.93,51.88,45.75,11.66,10.96,4.45,4.17,1.09,62.45,64.82,1609,2225,1847.13
786,0,1836,1836.3,1936,1936.18,94.53,458,486.0,0.94,39.32,33.45,13.15,11.85,2.99,2.82,3.01,172.69,177.71,1595,2244,1850.21
787,0,642,642.7,1961,1961.27,138.95,694,756.0,0.92,59.51,53.07,9.85,11.62,6.04,4.57,2.0,114.84,115.41,1559,2251,1833.34
788,0,809,809.23,1957,1957.78,121.3,619,664.0,0.93,51.0,44.78,12.53,12.17,4.07,3.68,2.06,118.07,117.46,1551,2238,1828.65
789,0,1413,1413.38,1958,1958.15,118.08,602,644.0,0.93,49.65,44.2,11.7,12.04,4.24,3.67,1.24,71.2,72.31,1626,2384,1895.42
790,0,125,125.76,1953,1953.14,83.46,405,424.0,0.96,33.53,28.96,13.6,11.99,2.46,2.42,1.87,107.35,99.87,1559,2327,1867.75
791,0,1978,1978.49,1953,1953.63,68.84,238,264.0,0.9,28.43,24.82,7.21,8.65,3.94,2.87,0.89,50.71,46.7,1563,2055,1789.5
792,0,215,215.97,1957,1957.5,139.98,718,805.0,0.89,59.48,52.62,10.2,12.45,5.83,4.23,0.29,16.61,17.61,1555,2378,1861.54
793,0,1047,1047.16,1960,1960.19,127.64,690,753.0,0.92,54.23,47.36,10.77,13.03,5.04,3.63,0.4,22.78,22.91,1591,2250,1853.24
794,0,596,596.55,1960,1960.63,98.33,484,510.0,0.95,40.85,35.02,11.7,11.89,3.49,2.95,0.38,21.54,24.32,1574,2301,1835.68
795,0,1879,1879.64,1962,1962.89,72.43,315,332.0,0.95,29.21,24.93,11.4,10.88,2.56,2.29,0.91,51.95,51.87,1546,2161,1799.71
796,0,713,713.27,1976,1976.18,113.36,581,620.0,0.94,48.27,42.48,12.17,12.03,3.97,3.53,1.8,103.17,99.74,1574,2240,1814.66
797,0,854,853.97,1978,1978.59,113.3,617,649.0,0.95,47.2,41.44,13.6,13.0,3.47,3.19,2.21,126.38,124.19,1587,2238,1831.81
798,0,363,363.44,1966,1966.8,150.53,819,872.0,0.94,67.19,59.79,12.0,12.15,5.6,4.92,3.07,175.73,178.08,1561,2376,1868.64
799,0,1422,1422.67,1980,1980.08,109.3,529,559.0,0.95,46.87,41.19,10.82,11.27,4.33,3.65,0.98,56.31,56.27,1636,2476,1942.82
800,0,429,429.17,1973,1973.34,146.77,792,855.0,0.93,63.95,57.03,11.18,12.29,5.72,4.64,2.97,170.1,171.05,1564,2495,1895.63
801,0,2022,2022.09,1980,1980.95,78.91,342,360.0,0.95,32.65,27.76,11.18,10.6,2.92,2.62,2.05,117.35,125.86,1564,2193,1845.76
802,0,1478,1478.93,1977,1977.54,130.43,666,721.0,0.92,55.73,49.1,12.17,11.86,4.58,4.14,2.98,170.71,168.49,1551,2284,1845.49
803,0,127,127.91,1986,1986.07,80.63,385,403.0,0.96,32.56,28.7,12.17,11.52,2.68,2.49,1.76,100.62,92.95,1568,2191,1810.98
804,0,988,988.07,1982,1982.74,93.15,471,494.0,0.95,38.01,32.87,12.21,12.36,3.11,2.66,0.62,35.36,33.37,1574,2250,1844.8
805,0,1263,1263.02,1988,1988.38,88.28,417,440.0,0.95,36.22,31.61,12.17,11.35,2.98,2.79,1.68,96.34,98.04,1580,2379,1881.09
806,0,1861,1861.77,1986,1986.71,75.84,324,342.0,0.95,30.89,26.61,11.18,10.45,2.76,2.55,1.06,60.95,59.27,1544,2118,1822.93
807,0,1240,1240.63,1992,1992.72,114.85,617,650.0,0.95,48.92,43.74,11.4,12.39,4.29,3.53,2.28,130.86,133.92,1582,2465,1877.84
808,0,395,395.21,1982,1982.77,98.77,469,499.0,0.94,41.98,36.24,11.18,11.23,3.75,3.23,2.93,167.62,168.2,1628,2545,1989.71
809,0,593,593.66,1989,1989.11,97.4,482,508.0,0.95,40.5,35.47,11.66,11.81,3.47,3.0,0.57,32.91,35.44,1593,2374,1865.6
810,0,1392,1392.81,2002,2002.75,124.77,650,708.0,0.92,52.77,46.89,11.18,12.49,4.72,3.76,1.4,80.18,81.4,1607,2311,1878.23
811,0,356,356.99,1993,1993.26,116.33,604,637.0,0.95,48.76,43.16,12.65,12.24,3.86,3.53,2.87,164.54,162.39,1591,2471,1896.69
812,0,233,232.92,1994,1994.57,140.91,755,832.0,0.91,59.84,53.22,8.25,13.06,7.26,4.07,0.17,9.62,8.92,1572,2320,1844.45
813,0,434,434.19,1995,1995.75,99.5,505,531.0,0.95,41.23,35.9,13.0,12.12,3.17,2.96,2.74,157.17,157.33,1571,2523,1901.12
814,0,928,928.37,1991,1991.9,110.53,583,611.0,0.95,47.27,41.44,12.17,12.25,3.89,3.38,3.04,173.93,175.7,1553,2316,1823.03
815,0,287,287.05,2001,2001.59,95.05,503,519.0,0.97,39.7,34.51,12.81,12.54,3.1,2.75,2.28,130.91,136.04,1534,2234,1829.81
816,0,1620,1620.61,2002,2002.46,163.05,845,957.0,0.88,71.17,62.76,9.49,12.62,7.5,4.97,0.3,17.16,16.92,1529,2208,1830.44
818,0,1166,1166.81,2013,2013.24,81.11,372,396.0,0.94,32.98,28.61,11.18,11.2,2.95,2.55,1.33,75.96,79.38,1584,2284,1854.8
819,0,1559,1559.03,2018,2018.39,105.46,482,519.0,0.93,45.18,40.36,10.0,10.52,4.52,3.83,1.48,84.92,88.75,1535,2189,1807.32
820,0,564,564.27,2015,2015.91,90.08,449,471.0,0.95,36.77,31.65,12.65,12.15,2.91,2.61,1.96,112.38,115.29,1580,2219,1817.24
821,0,750,750.65,2017,2017.85,91.64,436,456.0,0.96,38.95,33.87,12.04,11.1,3.23,3.05,2.3,131.88,132.83,1573,2253,1837.21
822,0,1195,1195.39,2012,2012.51,81.25,398,420.0,0.95,32.25,27.61,12.53,12.29,2.57,2.25,0.52,29.74,29.24,1592,2252,1858.8
823,0,1835,1836.06,2012,2012.18,105.84,474,515.0,0.92,44.91,38.2,11.18,10.95,4.02,3.49,2.94,168.44,166.51,1566,2216,1834.28
826,0,1272,1272.55,2022,2022.31,86.67,402,428.0,0.94,34.93,30.06,12.08,11.54,2.89,2.61,1.98,113.63,115.11,1629,2262,1886.46
829,0,205,205.28,2024,2024.52,113.5,605,644.0,0.94,47.17,40.97,12.65,12.8,3.73,3.2,0.37,21.12,17.58,1513,2329,1835.5
830,0,338,339.01,2028,2029.02,94.33,477,501.0,0.95,39.2,33.74,12.81,12.27,3.06,2.75,2.48,142.25,145.62,1569,2371,1858.16
834,0,1745,1745.38,2030,2030.39,98.77,474,500.0,0.95,42.3,36.23,11.18,11.29,3.78,3.21,0.12,6.79,6.16,1568,2142,1822.19
